"Counting Station",801,802,803,804,805,806,807,808,809,Total
A0101,338,397,474,5,25,168,9,176,143,1735
A0102,253,628,449,11,61,144,8,132,327,2013 
A0201,622,824,953,13,74,228,18,319,348,3399 
A0301,369,536,586,16,31,162,11,221,185,2117 
A0302,162,213,205,5,20,37,6,82,50,780 
A0401,66,150,128,1,17,15,1,17,77,472 
A0501,604,853,1037,10,54,247,26,399,373,3603 
A0601,648,1089,1043,30,69,282,31,448,180,3820 
A0701,707,1608,1129,27,69,472,49,612,248,4921 
A0801,627,1235,1084,32,59,403,37,532,219,4228 
A0901,771,1009,1315,24,70,548,31,643,374,4785 
A1001,753,1133,1319,16,72,841,38,662,317,5151 
A1101,304,690,501,15,35,407,16,291,150,2409 
A1102,166,286,275,5,14,124,11,149,60,1090 
A1201,506,643,653,11,47,372,21,321,184,2758 
A1301,183,295,252,6,12,66,5,116,50,985 
A1302,346,633,616,8,48,240,18,287,130,2326 
A1401,607,694,925,14,69,434,29,460,201,3433 
A1501,470,645,704,22,52,270,23,386,180,2752 
B0101,409,604,649,13,48,361,18,326,179,2607 
B0201,373,647,602,7,36,259,24,346,145,2439 
B0301,510,871,864,13,88,346,25,357,240,3314 
B0401,633,866,1009,17,79,533,22,531,287,3977 
B0501,117,161,211,5,9,59,3,80,63,708 
B0502,394,496,484,11,28,496,32,295,114,2350 
B0601,395,442,505,13,32,298,11,271,181,2148 
B0701,500,598,806,14,45,256,25,369,207,2820 
B0801,403,783,619,13,57,196,8,206,432,2717 
B0901,381,680,707,10,55,197,12,278,353,2673 
B1001,412,659,666,15,77,163,8,298,182,2480 
B1101,94,145,124,1,19,37,1,54,66,541 
B1102,99,243,169,2,16,49,1,46,81,706 
B1201,370,564,639,14,47,222,21,276,171,2324 
B1301,315,764,596,15,38,168,24,305,136,2361 
C0101,880,788,1258,10,46,331,18,544,384,4259 
C0201,471,510,784,12,29,210,13,403,214,2646 
C0202,452,577,727,14,39,203,11,314,220,2557 
C0301,690,718,986,17,53,408,17,504,291,3684 
C0401,978,1431,1343,40,88,950,64,754,325,5973 
C0501,481,655,813,33,55,380,26,487,178,3108 
C0601,496,648,763,17,61,458,24,452,181,3100 
C0602,463,609,649,23,56,628,18,447,155,3048 
C0701,1133,1000,1790,34,98,972,40,855,530,6452 
C0801,498,947,788,27,58,804,38,593,550,4303 
C0901,837,936,1417,31,72,800,29,659,388,5169 
C1001,677,708,1202,50,84,1606,44,785,221,5377 
C1101,993,914,1595,41,102,1400,57,901,360,6363 
C1201,547,972,923,39,94,634,63,635,277,4184 
C1301,601,918,948,30,114,957,48,599,190,4405 
C1401,784,1411,1208,30,65,824,39,609,287,5257 
C1501,526,910,897,21,61,290,20,332,419,3476 
C1601,556,702,912,17,58,389,15,421,237,3307 
C1701,343,391,513,10,30,499,13,274,133,2206 
C1801,528,797,953,26,66,1735,35,487,322,4949 
C1802,934,1077,1639,32,100,1856,41,741,533,6953 
C1901,348,541,691,9,48,480,10,352,200,2679 
C2001,355,350,447,3,29,268,14,228,132,1826 
C2101,828,888,1318,30,93,982,31,692,327,5189 
C2201,439,560,610,15,38,418,16,345,169,2610 
C2301,509,796,799,15,47,428,29,426,224,3273 
C2401,953,1082,1369,21,81,491,32,632,304,4965 
C2501,590,719,898,13,82,270,17,412,248,3249 
C2601,1006,1106,1586,24,133,529,25,707,443,5559 
C2701,485,423,723,21,54,1006,31,502,122,3367 
C2702,578,510,804,25,56,682,33,505,186,3379 
C2801,1011,1122,1506,36,125,1055,59,1007,312,6233 
C2901,493,799,877,46,65,746,35,583,212,3856 
C2902,332,412,579,11,37,292,21,330,124,2138 
C3001,351,389,647,19,37,1022,32,439,106,3042 
C3101,337,669,531,20,36,348,38,351,112,2442 
C3102,287,728,525,28,46,446,24,331,125,2540 
C3201,598,670,966,12,56,567,29,564,246,3708 
C3301,371,461,640,13,45,331,19,345,200,2425 
C3401,1005,1476,1569,45,98,1075,61,977,477,6783 
C3501,429,589,700,24,42,695,43,524,186,3232 
D0101,878,1067,1530,32,108,773,41,844,336,5609 
D0201,506,1347,846,37,64,521,43,526,95,3985 
D0301,515,570,891,27,63,466,32,542,151,3257 
D0401,906,1010,1491,30,66,663,44,684,183,5077 
D0501,786,953,1152,20,65,642,21,452,139,4230 
D0601,784,1105,1294,19,76,374,25,554,375,4606 
D0701,794,1176,1502,24,91,371,31,617,468,5074 
D0801,914,1428,1395,34,82,579,54,716,189,5391 
D0901,620,845,783,27,33,703,46,403,90,3550 
D1001,638,986,1037,36,62,592,34,495,107,3987 
D1101,90,106,168,4,23,25,4,58,50,528 
D1102,177,262,324,5,30,63,10,87,120,1078 
D1103,147,276,309,1,18,86,5,79,156,1077 
D1201,51,60,68,4,6,47,1,38,19,294 
D1202,849,956,1347,32,73,395,25,706,302,4685 
D1301,166,220,302,10,26,152,15,188,42,1121 
D1302,440,773,750,29,46,433,36,483,114,3104 
D1401,634,1532,1178,23,101,821,65,739,127,5220 
D1501,206,253,366,11,26,282,12,193,47,1396 
D1502,655,485,862,21,51,743,22,410,207,3456 
D1601,92,231,146,3,28,57,0,60,94,711 
D1602,107,277,171,0,34,35,7,51,149,831 
D1701,405,930,670,21,57,393,32,353,180,3041 
D1702,63,210,149,2,10,125,7,90,28,684 
E0101,258,603,567,7,37,190,7,200,261,2130 
E0201,718,1500,1129,27,75,393,33,575,301,4751 
E0401,539,1149,870,54,60,335,38,501,199,3745 
E0501,1334,1675,1720,47,80,526,43,995,461,6881 
E0601,395,467,585,27,22,380,18,392,130,2416 
E0701,429,691,585,37,53,561,17,382,110,2865 
E0801,654,553,732,14,22,247,10,265,273,2770 
E0901,435,530,661,19,22,644,20,346,152,2829 
E1001,573,988,739,25,42,387,34,450,143,3381 
E1101,622,1335,826,34,39,431,29,493,312,4121 
E1201,605,667,902,30,25,472,29,569,232,3531 
E1301,455,595,711,25,30,524,23,356,159,2878 
E1401,548,528,836,17,32,483,18,386,201,3049 
E1501,444,480,619,16,28,341,19,359,185,2491 
E1601,369,507,665,48,23,305,21,402,132,2472 
E1701,197,342,382,16,20,135,3,157,175,1427 
E1702,40,54,69,0,7,19,1,25,21,236 
E1901,797,1657,1058,50,60,445,28,590,198,4883 
F0101,566,859,994,116,44,538,20,576,203,3916 
F0201,573,703,1057,63,44,433,27,603,180,3683 
F0301,389,829,647,69,28,332,27,371,128,2820 
F0401,712,1103,991,301,53,1186,35,683,196,5260 
F0501,396,786,801,312,23,290,24,432,139,3203 
F0601,447,678,784,60,38,379,29,420,167,3002 
F0701,275,827,436,43,23,248,16,296,77,2241 
F0801,575,746,808,163,39,507,30,525,164,3557 
F0901,608,1097,1101,275,79,1335,60,811,180,5546 
F1001,717,710,962,176,42,1134,20,654,189,4604 
F1101,386,1015,710,145,27,327,22,390,151,3173 
F1201,671,1507,1422,467,54,532,38,844,286,5821 
F1301,700,1305,1191,20,61,356,18,566,378,4595 
F1401,669,979,1089,27,67,335,18,565,242,3991 
F1501,704,1039,1187,30,63,377,22,660,346,4428 
F1601,687,817,1338,34,61,382,23,642,409,4393 
F1701,355,487,529,71,24,323,18,390,144,2341 
F1801,731,1957,1014,140,55,482,44,715,142,5280 
F1901,777,732,1113,214,49,868,28,696,157,4634 
F2001,529,709,752,115,43,727,35,612,115,3637 
F2101,439,616,838,22,50,243,18,360,313,2899 
F2201,739,787,926,334,53,788,25,637,162,4451 
F2301,304,324,415,77,12,444,14,296,52,1938 
F2302,297,419,559,106,29,403,31,272,159,2275 
G0101,653,1295,1128,143,56,502,33,648,213,4671 
G0201,849,1771,1574,76,66,987,48,889,371,6631 
G0301,643,1313,1116,70,48,711,50,622,231,4804 
G0401,629,786,933,39,56,1136,30,547,203,4359 
G0501,379,861,582,166,54,224,22,353,113,2754 
G0502,281,728,600,167,25,196,18,290,64,2369 
G0601,424,725,800,25,51,241,20,364,283,2933 
G0602,217,336,407,12,23,163,8,178,150,1494 
G0701,213,346,412,16,25,137,8,173,169,1499 
G0702,358,456,815,32,38,235,12,376,157,2479 
G0801,388,686,817,27,37,242,15,331,262,2805 
G0901,377,691,764,9,41,267,15,371,303,2838 
G0902,57,146,91,1,6,53,2,27,61,444 
G1001,340,847,622,30,25,164,23,378,133,2562 
G1101,418,557,814,97,39,588,20,381,166,3080 
G1201,264,747,461,40,32,521,24,341,147,2577 
G1301,397,1141,731,53,41,824,42,490,247,3966 
G1501,255,1168,420,15,31,288,21,232,82,2512 
G1601,376,617,760,25,20,479,18,341,133,2769 
G1701,343,535,633,12,20,257,17,236,215,2268 
G1702,324,462,593,23,22,299,16,305,127,2171 
G1801,902,1239,1555,57,76,617,30,764,454,5694 
G1901,238,350,455,13,27,118,11,240,176,1628 
G1902,295,407,502,10,23,213,16,255,119,1840 
G2001,733,1065,1297,53,67,885,26,694,336,5156 
G2101,546,1226,764,75,51,581,22,510,193,3968 
G2201,469,689,760,29,27,385,27,457,138,2981 
G2301,533,1033,965,31,44,459,24,462,128,3679 
G2401,875,1252,1499,49,66,675,41,730,275,5462 
H0101,659,1229,1460,50,80,1082,58,824,437,5879 
H0201,717,988,1404,31,59,633,32,798,264,4926 
H0301,421,496,763,22,51,1062,30,465,122,3432 
H0401,419,732,974,24,52,320,31,537,199,3288 
H0501,797,1671,1560,46,89,573,50,830,250,5866 
H0601,538,797,1001,25,59,401,34,585,189,3629 
H0602,347,430,708,7,33,150,18,371,192,2256 
H0701,259,662,553,13,34,286,22,305,138,2272 
H0702,402,861,861,27,42,383,20,503,192,3291 
H0801,536,1588,1195,38,76,571,45,626,214,4889 
H0901,309,616,568,44,46,323,22,346,112,2386 
H1001,585,1121,1248,55,86,631,48,768,254,4796 
H1101,322,857,685,24,36,262,32,384,92,2694 
H1102,283,811,690,26,59,268,26,356,94,2613 
H1201,461,648,977,23,49,407,37,521,216,3339 
H1202,334,478,632,13,41,212,24,336,140,2210 
H1301,315,426,599,26,37,407,19,351,139,2319 
H1302,500,754,1007,30,45,452,32,582,217,3619 
H1401,274,458,474,59,31,495,24,282,76,2173 
H1402,229,329,413,67,27,485,12,305,73,1940 
H1501,741,1022,1275,38,73,896,43,778,217,5083 
H1601,637,1724,1532,38,87,549,72,745,225,5609 
H1701,643,1094,1417,41,84,782,37,770,283,5151 
H1801,715,1066,1501,48,115,1368,65,888,195,5961 
H1901,640,1630,1522,63,82,640,65,967,198,5807 
H2001,411,430,1043,14,27,459,16,345,129,2874 
H2002,543,601,1267,21,38,763,33,470,196,3932 
H2101,519,1359,1169,30,37,548,39,493,272,4466 
H2201,405,933,1121,19,36,529,30,403,88,3564 
H2301,416,576,941,13,57,1137,27,428,106,3701 
H2401,450,503,1222,18,44,600,20,516,205,3578 
H2402,207,215,351,5,18,676,14,194,48,1728 
H2501,421,447,903,26,49,1635,35,408,107,4031 
J0101,198,474,523,9,24,232,16,290,89,1855 
J0102,213,372,480,10,21,230,20,225,73,1644 
J0201,522,890,1082,25,53,352,26,577,569,4096 
J0301,413,1259,788,13,28,281,25,360,109,3276 
J0401,750,1355,1785,28,139,453,45,837,327,5719 
J0501,442,1388,883,22,52,362,50,479,159,3837 
J0601,345,1626,823,33,55,567,50,499,196,4194 
J0701,229,1110,505,14,45,315,15,304,102,2639 
J0702,258,580,546,19,30,173,17,215,74,1912 
J0801,414,1183,1531,28,41,491,31,363,120,4202 
J0901,390,755,856,13,42,437,20,448,131,3092 
J0902,268,1287,612,15,34,585,21,368,1108,4298 
J1001,400,944,941,22,32,486,36,353,102,3316 
J1101,545,2162,1180,37,80,693,62,637,243,5639 
J1201,474,1228,996,18,53,706,42,541,161,4219 
J1301,472,828,1052,35,54,414,24,524,204,3607 
J1302,410,608,804,20,40,313,15,458,198,2866 
J1401,414,1280,838,23,50,661,31,450,180,3927 
J1402,112,371,247,12,17,159,20,157,45,1140 
J1501,399,1653,915,41,60,477,54,536,146,4281 
J1601,537,945,1342,30,73,784,42,601,169,4523 
J1701,175,391,378,9,21,512,13,194,96,1789 
J1702,425,597,882,21,54,719,29,527,141,3395 
J1801,574,1687,1169,35,50,454,41,603,161,4774 
J1802,494,1420,993,39,53,615,32,550,171,4367 
J1901,594,1335,1241,58,87,710,48,790,212,5075 
J2001,386,619,805,33,40,494,26,381,183,2967 
J2101,333,951,790,21,43,431,32,421,279,3301 
J2201,417,1019,1007,40,65,547,42,856,179,4172 
J2301,563,1761,1300,40,69,1048,46,702,639,6168 
J2302,254,575,522,13,31,504,23,309,464,2695 
J2401,436,917,784,31,55,872,38,483,152,3768 
J2402,61,130,129,2,10,57,6,62,37,494 
J2501,999,1225,1992,23,108,454,33,1010,633,6477 
J2601,829,1113,1975,37,84,547,37,923,428,5973 
J2701,668,1390,1328,32,80,798,43,785,226,5350 
J2801,545,790,1372,20,49,678,34,580,196,4264 
J2901,503,1029,1044,19,58,397,29,493,219,3791 
J3001,239,597,440,14,27,306,24,252,95,1994 
J3002,280,414,598,14,28,280,17,288,121,2040 
J3101,482,775,1115,32,53,481,37,545,284,3804 
J3201,490,1045,1328,27,49,593,32,449,202,4215 
J3301,516,1514,868,27,60,471,46,511,150,4163 
J3401,189,293,341,3,23,139,13,196,74,1271 
J3402,433,1276,909,22,64,418,35,430,147,3734 
J3501,628,858,1456,20,70,453,28,799,276,4588 
J3601,502,745,838,40,36,904,43,500,152,3760 
J3701,408,874,589,24,47,991,30,361,292,3616 
K0101,249,272,611,10,54,240,24,486,648,2594 
K0201,232,249,636,5,36,266,18,663,789,2894 
K0301,776,738,1904,59,100,522,43,1436,1485,7063 
K0401,410,329,851,29,45,364,22,676,1172,3898 
K0501,334,240,742,24,52,1275,22,730,425,3844 
K0601,701,812,1640,37,98,489,54,1243,905,5979 
K0701,509,411,1619,40,78,372,47,1083,1261,5420 
K0801,281,276,867,24,60,215,21,667,779,3190 
K0901,625,564,1665,37,95,445,48,1131,1258,5868 
K1001,758,847,1948,49,126,458,56,1186,1269,6697 
K1101,519,464,1427,27,78,296,38,916,1150,4915 
K1102,282,282,780,27,48,229,24,567,833,3072 
K1201,85,136,273,5,12,89,11,166,201,978 
K1202,199,238,452,11,27,128,12,265,327,1659 
K1301,389,366,991,24,51,184,54,928,514,3501 
K1401,503,609,1472,19,77,502,58,1251,1369,5860 
K1501,231,317,807,24,731,344,27,701,745,3927 
K1502,91,114,307,7,52,97,9,175,221,1073 
K1601,311,335,996,15,608,536,29,885,840,4555 
K1701,244,236,526,20,54,406,18,596,895,2995 
K1801,166,175,372,15,31,175,19,398,602,1953 
K1802,189,178,495,9,60,253,20,489,687,2380 
L0101,217,202,606,22,26,178,12,392,336,1991 
L0102,124,141,366,9,9,115,14,203,281,1262 
L0201,431,427,1586,39,53,362,50,764,995,4707 
L0202,261,265,786,17,33,228,25,493,383,2491 
L0301,301,314,948,32,28,256,25,498,651,3053 
L0302,116,121,421,9,16,87,8,191,191,1160 
L0401,330,314,784,95,35,760,41,627,379,3365 
L0402,171,171,424,14,10,192,18,252,313,1565 
L0501,368,282,904,35,41,313,44,707,1007,3701 
L0601,307,226,743,27,39,283,30,613,623,2891 
L0602,312,294,1035,18,30,332,23,587,738,3369 
L0701,547,461,1620,40,68,524,50,960,722,4992 
L0801,511,429,1254,51,64,548,40,944,595,4436 
L0901,249,212,574,31,29,877,16,372,229,2589 
L0902,96,75,221,9,17,249,8,158,163,996 
L1001,447,356,1316,39,34,1340,50,782,433,4797 
L1101,86,108,300,8,9,136,11,192,166,1016 
L1102,193,256,588,19,17,265,21,410,373,2142 
L1201,340,364,829,21,34,380,54,552,448,3022 
L1202,99,113,237,8,19,115,10,136,179,916 
L1301,122,150,388,6,12,83,10,173,241,1185 
L1302,370,447,1053,21,44,361,28,517,575,3416 
L1401,638,656,1629,54,55,559,91,1137,1068,5887 
L1501,490,392,1182,57,48,359,42,869,1202,4641 
L1601,588,472,1615,102,69,413,41,892,924,5116 
L1701,305,208,885,41,46,330,39,599,749,3202 
L1801,230,200,622,32,20,231,19,360,259,1973 
L1802,290,252,582,51,32,384,26,440,726,2783 
L1901,291,335,783,24,17,215,17,379,610,2671 
L1902,54,53,82,4,6,48,3,59,109,418 
L2001,364,386,1081,34,48,385,35,788,986,4107 
L2002,33,34,78,2,4,59,6,55,67,338 
L2101,415,399,1645,26,46,482,36,724,615,4388 
L2201,415,341,1297,45,46,462,53,802,941,4402 
L2301,464,370,1498,50,58,1072,52,935,579,5078 
L2401,307,416,481,28,38,385,80,371,530,2636 
L2402,67,80,258,5,8,148,6,139,188,899 
L2501,411,372,1426,45,52,444,53,998,1156,4957 
L2601,373,226,1629,31,34,271,30,649,1410,4653 
L2701,421,416,1506,31,37,412,39,722,538,4122 
L2702,152,151,568,15,23,131,12,243,215,1510 
L2801,406,277,1247,51,56,1388,65,878,460,4828 
L2802,44,48,160,3,4,84,4,86,67,500 
L2901,144,116,381,19,19,300,19,290,223,1511 
L2902,121,87,292,9,13,172,9,169,172,1044 
L2903,142,127,361,9,19,124,14,220,245,1261 
M0101,287,301,1142,16,35,301,32,516,1225,3855 
M0201,237,297,1062,25,24,486,76,490,654,3351 
M0202,178,267,693,22,23,190,18,316,447,2154 
M0301,170,295,2663,23,26,337,28,436,960,4938 
M0401,121,254,2411,7,18,230,19,321,934,4315 
M0501,223,238,566,21,17,191,27,299,546,2128 
M0502,297,299,1024,21,27,268,30,549,691,3206 
M0601,249,283,764,15,27,190,27,324,420,2299 
M0701,303,341,921,18,27,239,34,548,642,3073 
M0801,34,48,101,2,1,85,8,65,75,419 
M0802,176,239,902,18,34,510,22,388,423,2712 
M0901,245,269,951,25,38,304,24,474,610,2940 
M0902,162,187,579,17,16,241,14,336,449,2001 
M1001,144,143,486,14,14,345,18,245,271,1680 
M1002,225,258,761,12,17,476,24,368,579,2720 
M1101,106,139,441,10,12,122,13,188,546,1577 
M1102,282,270,889,14,39,295,32,562,783,3166 
M1201,119,154,434,10,19,175,16,257,504,1688 
M1301,85,170,597,13,15,124,13,227,509,1753 
M1302,37,77,157,8,4,39,2,93,255,672 
M1401,20,27,74,4,3,59,4,41,125,357 
M1402,97,126,301,7,18,530,18,189,203,1489 
M1403,115,138,412,8,10,289,17,241,276,1506 
M1501,271,342,852,24,39,309,39,730,724,3330 
M1502,277,368,936,24,37,301,23,757,727,3450 
M1601,403,334,1465,41,55,419,49,862,1278,4906 
M1701,342,278,1104,28,27,338,37,648,898,3700 
M1801,320,374,933,14,33,354,29,594,658,3309 
M1802,204,205,863,41,27,225,30,551,714,2860 
M1901,325,360,1012,29,39,620,42,711,872,4010 
M2001,395,416,1104,35,30,1229,43,652,742,4646 
M2101,355,389,1271,36,50,629,65,791,1007,4593 
M2201,352,370,1520,55,55,1374,53,976,806,5561 
M2301,353,396,1374,44,43,959,37,800,728,4734 
M2401,292,389,897,35,40,1051,46,909,560,4219 
M2501,564,630,1565,44,61,432,29,884,1356,5565 
M2601,267,231,809,26,25,251,31,700,656,2996 
M2701,355,348,1208,37,46,355,45,981,886,4261 
M2801,327,324,1099,44,40,295,51,920,977,4077 
M2901,410,521,1332,26,34,426,40,885,910,4584 
M3001,403,527,1005,26,58,402,52,667,793,3933 
M3101,383,541,1245,23,59,247,30,517,832,3877 
M3201,89,110,277,6,15,72,11,135,406,1121 
M3202,241,333,723,14,30,27,166,307,733,2574 
M3301,221,287,679,26,23,468,20,412,421,2557 
M3401,193,237,513,23,26,196,23,389,1014,2614 
M3501,407,417,1153,23,51,382,33,667,1440,4573 
S0101,382,453,902,32,33,543,20,1889,664,4918 
S0201,404,474,1082,38,65,766,44,2694,1728,7295 
S0301,248,275,855,17,33,759,14,692,496,3389 
S0401,386,324,1224,23,56,1029,41,1098,466,4647 
S0501,213,347,563,14,26,461,24,2128,773,4549 
S0601,139,331,377,17,21,390,14,1167,722,3178 
S0602,90,114,259,11,14,226,16,777,175,1682 
S0701,548,480,1411,26,69,479,43,1472,1341,5869 
S0801,431,314,1022,38,95,1376,35,982,414,4707 
S0901,535,486,1285,33,66,496,77,992,813,4783 
S1001,666,594,1869,33,66,554,60,1110,1264,6216 
S1101,449,376,1108,26,61,341,32,816,1434,4643 
S1201,194,414,574,16,36,371,22,3235,707,5569 
S1301,176,217,410,14,24,94,10,177,298,1420 
S1302,60,77,122,2,5,38,3,86,88,481 
S1303,202,191,467,23,20,432,22,532,266,2155 
S1401,477,542,993,35,62,340,26,787,854,4116 
S1501,469,420,1043,23,44,310,37,924,1583,4853 
S1601,301,352,901,14,37,258,22,1023,725,3633 
S1701,486,370,822,31,30,441,26,977,698,3881 
S1801,287,302,774,22,33,1591,27,1907,411,5354 
S1901,383,367,911,33,52,503,42,919,677,3887 
S1902,504,543,1332,30,59,419,24,967,818,4696 
S2001,535,456,1247,38,58,736,32,876,576,4554 
S2101,521,562,1373,41,75,762,40,1246,676,5296 
S2201,103,144,249,11,13,140,9,255,399,1323 
S2202,620,523,1503,41,72,574,42,1351,782,5508 
S2301,195,257,469,15,29,324,28,504,293,2114 
S2302,309,335,810,17,27,489,29,678,398,3092 
S2401,329,407,523,19,39,381,70,628,418,2814 
S2402,263,325,622,21,24,239,27,575,336,2432 
S2501,370,322,780,24,46,357,30,810,1081,3820 
S2601,113,89,291,9,22,70,12,224,131,961 
S2602,265,293,664,43,27,323,51,572,1082,3320 
S2701,674,686,1247,55,87,834,69,1188,1414,6254 
S2801,396,384,1043,30,32,381,28,1007,587,3888 
S2901,385,348,1095,28,53,461,37,1070,1279,4756 
T0101,38,50,106,13,10,46,10,195,324,792 
T0104,54,41,101,12,15,97,5,65,158,548 
T0107,118,86,303,14,35,143,14,235,379,1327 
T0109,45,31,83,8,22,49,8,51,132,429 
T0201,358,319,941,30,47,1536,54,648,391,4324 
T0301,487,398,1429,62,81,1101,46,977,622,5203 
T0401,516,548,1069,25,108,302,30,518,988,4104 
T0501,509,315,1474,57,84,474,44,917,1513,5387 
T0601,297,277,588,18,107,87,4,277,308,1963 
T0701,141,171,294,13,14,184,14,476,582,1889 
T0801,109,82,285,8,37,72,6,187,405,1191 
T0901,182,136,367,23,22,134,15,300,471,1650 
T0902,90,74,253,8,15,60,10,178,205,893 
T1001,109,72,235,10,7,61,7,141,344,986 
T1002,138,86,268,10,16,77,15,205,456,1271 
N0101,438,280,838,21,44,231,41,462,736,3091 
N0201,185,163,338,13,28,146,21,227,295,1416 
N0202,259,206,474,19,30,112,19,325,302,1746 
N0301,847,498,1504,45,85,519,83,832,1082,5495 
N0401,873,494,1622,50,100,473,106,1008,1525,6251 
N0501,733,422,1579,45,117,482,288,993,1203,5862 
N0601,386,167,789,19,36,184,53,488,772,2894 
N0602,457,233,1030,30,61,257,93,679,1394,4234 
N0701,649,415,1343,43,60,850,117,942,936,5355 
N0801,341,236,713,22,41,151,37,425,557,2523 
N0802,220,166,427,11,24,117,30,286,327,1608 
N0901,542,310,929,30,76,440,82,685,1590,4684 
N1001,372,302,862,30,48,651,53,613,931,3862 
N1101,161,158,281,6,17,95,18,190,235,1161 
N1102,103,78,169,7,8,71,10,99,392,937 
N1103,217,171,406,18,23,143,20,210,351,1559 
N1104,152,109,236,7,23,100,14,137,272,1050 
N1201,773,446,1211,44,84,537,94,838,1471,5498 
N1301,109,58,147,7,5,58,12,101,144,641 
N1302,459,258,787,10,32,222,40,457,584,2849 
N1303,243,107,400,7,21,140,17,237,247,1419 
N1401,721,338,1404,27,91,860,92,741,765,5039 
N1501,546,311,993,33,66,378,70,712,1053,4162 
N1601,73,35,100,3,9,59,5,73,117,474 
N1602,90,51,110,9,13,51,12,93,281,710 
N1604,109,90,199,16,31,154,21,124,1071,1815 
N1606,74,61,160,11,17,51,8,123,153,658 
N1701,465,235,914,26,41,381,49,548,564,3223 
N1702,620,396,988,25,69,322,72,533,958,3983 
N1801,64,86,129,2,11,49,7,102,140,590 
N1802,92,71,164,8,10,50,14,99,213,721 
N1803,113,80,177,8,13,83,14,111,167,766 
N1804,109,120,247,1,18,88,10,174,301,1068 
N1805,21,26,82,2,4,24,3,35,84,281 
P0101,408,258,817,21,44,264,91,450,878,3231 
P0201,741,352,1350,27,61,303,132,717,950,4633 
P0301,302,165,539,14,38,125,58,364,391,1996 
P0302,342,230,705,27,55,251,113,511,572,2806 
P0401,617,343,910,34,77,413,129,699,889,4111 
P0501,832,420,1477,49,113,505,212,1016,1025,5649 
P0601,679,375,1526,30,49,480,951,818,1177,6085 
P0701,521,341,1202,29,48,466,901,721,792,5021 
P0801,492,251,806,28,61,424,92,558,1150,3862 
P0802,118,63,199,5,10,58,14,128,159,754 
P0901,663,361,1089,28,61,440,92,639,1116,4489 
P1001,723,466,1512,26,101,413,105,881,1359,5586 
P1002,196,191,381,10,28,76,11,197,453,1543 
P1101,604,357,1173,43,89,399,95,818,876,4454 
P1201,499,340,864,25,47,296,54,551,615,3291 
P1202,152,84,271,11,21,103,21,175,196,1034 
P1301,46,19,81,1,4,19,2,48,136,356 
P1302,322,146,548,16,48,144,59,401,737,2421 
P1303,75,64,139,8,6,52,26,95,184,649 
P1304,111,87,188,6,16,62,11,116,239,836 
P1401,663,410,1405,54,77,443,291,884,1180,5407 
P1501,730,422,1212,50,85,536,130,859,1048,5072 
P1601,716,384,1298,33,71,254,115,724,755,4350 
P1701,355,205,760,13,62,170,58,450,567,2640 
P1702,106,63,215,6,14,53,14,131,359,961 
P1703,113,112,238,6,20,70,11,110,304,984 
P1704,148,95,347,5,22,58,32,168,275,1150 
P1801,183,131,347,9,25,89,16,209,472,1481 
P1802,266,156,431,16,21,112,37,300,628,1967 
P1803,80,83,199,11,19,33,9,99,177,710 
P1901,414,366,770,17,51,174,30,467,571,2860 
Q0101,528,466,1025,28,98,226,61,592,1129,4153 
Q0102,94,62,193,15,14,44,13,109,297,841 
Q0201,403,403,792,23,66,196,49,463,852,3247 
Q0401,283,249,520,13,56,135,29,289,562,2136 
Q0501,276,271,574,16,44,128,27,333,624,2293 
Q0601,730,574,1139,32,93,691,64,735,761,4819 
Q0701,734,489,1192,23,54,241,37,630,620,4020 
Q0801,463,458,825,18,47,271,49,443,569,3143 
Q0901,502,536,896,33,78,449,284,581,774,4133 
Q1001,723,592,1258,65,100,639,116,931,1017,5441 
Q1101,815,548,1318,30,75,473,210,795,837,5101 
Q1201,862,661,1317,46,80,491,78,854,948,5337 
Q1301,589,436,1008,18,49,252,67,628,536,3583 
Q1401,879,572,1498,29,89,541,90,954,977,5629 
Q1501,182,129,295,12,13,113,25,201,150,1120 
Q1502,357,244,682,19,37,221,34,378,496,2468 
Q1601,806,616,1372,42,81,594,119,884,769,5283 
Q1701,878,703,1565,50,103,652,147,939,926,5963 
Q1801,981,744,1631,29,76,545,213,988,938,6145 
Q1901,1234,815,1883,51,88,550,208,1059,1048,6936 
Q1902,430,328,793,15,38,210,78,418,422,2732 
Q2001,813,593,1483,65,87,709,140,976,1307,6173 
Q2101,877,658,1554,48,96,639,106,1004,1275,6257 
Q2201,835,583,1366,35,99,416,86,832,1217,5469 
Q2301,1052,670,1663,46,112,610,91,1075,1305,6624 
Q2401,617,396,1465,66,106,1190,173,979,767,5759 
Q2501,880,554,1445,61,98,595,84,827,1590,6134 
Q2601,285,204,469,13,34,123,16,282,212,1638 
Q2602,1061,906,1704,58,105,455,71,929,1037,6326 
R0101,736,480,1301,27,77,240,42,659,649,4211 
R0102,145,79,286,9,15,49,3,151,166,903 
R0201,557,482,862,33,91,415,68,665,658,3831 
R0301,717,516,1228,66,88,594,75,925,1093,5302 
R0401,958,534,1644,30,99,318,47,980,757,5367 
R0501,826,478,1462,29,72,323,60,834,814,4898 
R0601,419,267,771,20,32,169,48,456,380,2562 
R0602,344,291,582,9,40,132,27,346,353,2124 
R0701,752,516,1144,29,65,601,152,774,1019,5052 
R0801,887,566,1435,41,73,626,196,892,961,5677 
R0901,827,624,1373,31,69,596,220,851,922,5513 
R1001,807,547,1530,37,64,502,65,781,841,5174 
R1101,483,325,690,27,40,561,49,454,333,2962 
R1201,879,578,1749,34,83,541,327,994,1054,6239 
R1301,271,183,573,9,40,143,31,333,226,1809 
R1302,581,534,1175,41,68,461,67,745,577,4249 
R1401,543,438,942,34,84,525,63,671,802,4102 
R1501,434,365,877,14,47,186,32,479,546,2980 
R1601,1017,623,1522,41,92,614,88,980,998,5975 
R1602,136,169,292,5,13,61,5,125,217,1023 
R1701,640,436,1024,38,55,480,84,764,757,4278 
R1801,718,481,1189,27,80,502,274,794,900,4965 
R1901,740,359,1341,39,72,485,85,795,1836,5752 
R1902,138,90,292,7,16,82,13,141,187,966 
R2001,513,373,1075,28,60,280,55,667,796,3847 
R2002,60,74,123,2,9,25,9,74,111,487 
R2101,675,472,1308,31,95,237,52,753,936,4559 
R2201,600,479,1152,21,66,257,40,648,888,4151 
R2301,99,103,195,1,11,52,10,116,159,746 
R2302,370,333,664,9,42,129,19,321,444,2331 
R2401,815,503,1653,46,90,368,80,1005,1642,6202 
R2501,1007,590,1744,41,121,457,84,1127,1614,6785 
R2601,767,610,1518,49,65,397,44,901,833,5184 
R2801,1249,716,2073,57,110,617,101,1251,1361,7535 
R2901,1236,779,2306,46,114,633,101,1327,1505,8047 
R3001,611,368,1085,20,61,373,36,635,782,3971 
R3002,341,239,681,16,26,121,21,381,380,2206 
R3101,883,523,1938,48,115,502,97,1201,1712,7019 
R3201,607,401,1294,33,66,698,61,722,627,4509 
R3202,436,272,887,16,46,411,49,510,481,3108 
R3301,924,554,1573,27,84,271,87,938,1242,5700 
R3401,807,567,1533,31,93,368,78,985,1182,5644 
R3402,147,121,289,13,21,167,22,166,354,1300 
R3501,824,582,1532,38,104,357,74,952,921,5384 
R3601,649,415,1077,27,61,194,36,605,736,3800 
R3602,124,111,187,12,19,99,9,165,433,1159 
R3701,789,534,1583,31,94,365,71,951,1252,5670 
R3801,603,436,1211,53,91,440,81,896,832,4643 
Misplaced,10,4,16,2,1,5,1,16,3,58