Station,LC1,LC2,LC3,LC4,LC5,DS,AF,TR,A,B,C,D,E,F,G,K,M,N,U,V,X,Y,Z,CA
A0101,3430,0,0,0,0,3064,0,0,89,19,42,8,49,8,16,14,4,4,0,5,1,14,11,10
A0102,4973,0,0,0,0,3766,0,1,150,275,150,226,43,36,42,3,13,65,18,12,27,39,35,15
A0201,7266,0,0,0,0,5564,0,5,321,212,284,168,103,134,103,29,15,21,19,17,12,41,72,19
A0301,4415,0,0,0,0,3515,0,0,182,102,138,75,100,55,53,18,4,16,5,2,10,20,38,10
A0302,1750,0,0,0,0,1387,0,1,83,50,61,48,25,12,22,7,3,8,2,2,2,13,9,3
A0401,1192,0,0,0,0,868,0,2,42,67,34,56,7,25,29,0,3,21,14,4,5,7,9,6
A0501,7592,0,0,0,0,5824,0,5,412,210,277,199,163,96,99,33,4,23,15,21,18,41,64,11
A0601,7098,0,0,0,0,6243,0,2,203,62,128,42,97,33,43,26,5,6,1,11,4,31,38,11
A0701,9117,0,0,0,0,8314,0,0,191,54,100,51,107,27,24,23,6,6,4,6,2,30,18,10
A0801,7620,0,0,0,0,6822,0,0,205,15,99,19,120,20,23,33,7,5,0,7,1,37,35,12
A0901,9780,0,0,0,0,8353,0,2,323,78,240,121,179,56,50,59,4,9,5,8,7,56,58,18
A1001,9940,0,0,0,0,9182,0,0,208,20,70,23,95,19,16,36,3,2,2,12,1,45,33,8
A1101,4909,0,0,0,0,4554,0,1,78,3,41,4,47,10,5,14,3,0,1,2,1,20,16,9
A1102,2327,0,0,0,0,2132,0,0,63,9,23,2,15,4,7,6,0,2,0,2,1,14,2,5
A1201,5317,0,0,0,0,4798,0,0,127,20,64,17,71,14,12,23,5,3,1,6,3,48,14,18
A1301,1992,0,0,0,0,1761,0,1,61,21,30,12,27,7,10,8,0,1,1,2,1,8,6,5
A1302,4535,0,0,0,0,4005,0,0,122,27,60,33,72,23,16,15,1,1,2,11,3,25,21,9
A1401,6585,0,0,0,0,5798,0,0,224,23,75,23,101,21,27,46,4,5,2,10,2,31,39,12
A1501,5166,0,0,0,0,4507,0,0,193,16,72,37,85,19,22,42,3,0,2,5,2,27,31,12
B0101,5524,0,0,0,0,5080,0,0,116,10,47,21,52,5,12,12,3,2,0,10,3,12,16,18
B0201,5058,0,0,0,0,4612,0,0,130,12,39,13,44,14,8,23,2,1,2,15,2,11,16,16
B0301,7333,0,0,0,0,6409,0,3,174,80,131,95,81,47,59,17,3,13,11,27,4,33,22,11
B0401,8030,0,0,0,0,6996,0,0,291,67,118,62,104,51,51,28,8,4,7,27,9,20,47,16
B0501,1491,0,0,0,0,1148,0,0,80,33,46,24,35,21,24,7,7,3,1,0,4,5,24,2
B0502,4253,0,0,0,0,4078,0,0,43,6,22,2,16,4,9,7,1,0,0,2,0,8,9,1
B0601,5046,0,0,0,0,4553,0,1,140,19,48,22,47,15,15,11,9,2,1,13,3,40,14,12
B0701,5756,0,0,0,0,4846,0,1,255,62,121,48,83,42,39,20,5,9,5,17,3,21,54,6
B0801,6060,0,0,0,0,4568,0,3,248,193,214,193,75,115,123,12,8,29,21,14,15,34,63,19
B0901,5439,0,0,0,0,4301,0,1,175,136,164,199,75,84,57,13,4,12,19,17,23,32,47,11
B1001,5204,0,0,0,0,4415,0,1,183,77,113,66,71,28,44,22,7,9,3,12,5,20,33,12
B1101,1186,0,0,0,0,909,0,1,69,22,33,32,19,15,21,5,5,5,4,5,1,2,11,2
B1102,1742,0,0,0,0,1342,0,0,57,53,54,75,17,28,24,1,2,16,6,6,6,11,11,4
B1201,4719,0,0,0,0,4127,0,2,117,71,97,45,41,23,21,17,4,11,3,8,3,14,25,16
B1301,4805,0,0,0,0,4299,0,1,135,36,78,35,59,16,18,9,1,4,0,7,1,12,14,8
C0101,8949,0,0,0,0,7246,0,0,427,74,298,100,171,124,87,48,8,5,5,22,18,18,102,10
C0201,5094,0,0,0,0,4263,0,1,269,34,117,41,87,36,33,27,2,4,1,7,2,13,41,6
C0202,4946,0,0,0,0,3970,0,2,269,50,168,63,86,60,51,18,6,4,3,5,6,11,53,8
C0301,6591,0,0,0,0,5378,0,2,283,49,218,59,133,80,56,44,11,6,6,11,6,16,69,14
C0401,11466,0,0,0,0,10824,0,0,155,9,74,7,81,18,19,32,6,3,0,7,4,16,27,14
C0501,5720,0,0,0,0,5257,3,1,126,5,40,12,50,4,10,23,1,0,0,4,1,16,19,21
C0601,5799,0,0,0,0,5390,0,0,100,6,56,3,59,6,7,21,3,0,0,6,3,15,21,13
C0602,6102,0,0,0,0,5718,3,0,98,0,33,3,41,8,9,15,0,1,1,3,1,21,8,10
C0701,10859,0,0,0,0,8944,0,1,508,54,294,76,222,117,86,65,7,4,3,20,7,31,100,11
C0801,8224,0,0,0,0,7862,0,0,83,2,24,3,49,5,6,19,2,0,0,2,0,21,10,11
C0901,9354,0,0,0,0,8216,0,0,294,28,147,54,163,51,40,49,4,5,9,18,4,23,72,22
C1001,10349,0,0,0,0,9955,1,0,89,2,28,1,39,3,9,25,1,0,0,3,0,24,19,17
C1101,11303,0,0,0,0,10563,1,0,197,9,86,4,122,12,13,41,2,2,0,8,1,21,38,18
C1201,8555,0,0,0,0,8261,0,1,67,0,15,4,26,3,1,19,0,0,2,5,1,12,12,6
C1301,9184,0,0,0,0,8872,1,1,63,1,12,2,40,2,4,23,1,1,0,5,0,10,11,10
C1401,10451,0,0,0,0,9552,0,0,266,18,112,27,93,32,30,33,1,0,1,10,5,12,49,5
C1501,7007,0,0,0,0,5447,0,2,289,178,280,174,91,124,101,24,3,18,13,19,16,30,70,21
C1601,6418,0,0,0,0,5311,0,0,309,50,182,65,131,74,53,24,11,9,6,12,4,18,61,16
C1701,4187,0,0,0,0,3767,0,0,111,14,64,9,50,15,17,11,7,0,3,7,2,8,25,6
C1801,10223,0,0,0,0,9586,0,0,193,12,69,25,66,9,13,16,9,1,0,22,4,14,21,12
C1802,13071,0,0,0,0,11440,0,3,433,60,246,103,177,80,64,44,16,11,6,34,16,46,97,24
C1901,5025,0,0,0,0,4435,0,0,207,20,68,22,66,25,25,17,4,3,2,8,3,9,26,8
C2001,3286,0,0,0,0,2772,0,1,136,18,78,26,59,26,29,10,3,2,2,15,7,9,28,4
C2101,9362,0,0,0,0,8312,0,0,323,20,124,29,128,25,29,45,5,2,3,17,4,19,51,18
C2201,4867,0,0,0,0,4433,0,0,129,5,54,16,70,18,5,17,1,0,0,6,1,8,12,3
C2301,6291,0,0,0,0,5745,0,1,136,10,44,13,63,12,21,18,0,2,0,6,2,7,22,10
C2401,8625,0,0,0,0,7537,0,1,299,34,159,36,137,47,51,27,4,4,5,15,5,21,57,14
C2501,5578,0,0,0,0,4548,0,0,272,35,148,55,103,67,70,29,0,4,1,5,3,7,59,10
C2601,9730,0,0,0,0,8279,0,1,408,62,232,51,200,91,52,35,7,8,8,16,4,21,80,10
C2701,6179,0,0,0,0,5920,0,0,71,1,23,1,29,2,2,10,0,0,1,1,0,10,14,7
C2702,6366,0,0,0,0,5929,0,0,145,3,55,3,60,12,7,26,2,3,3,8,1,7,22,9
C2801,11765,0,0,0,0,10700,0,1,313,12,101,20,154,30,24,40,7,3,1,13,3,19,31,23
C2901,7493,0,0,0,0,7146,0,0,91,6,39,3,47,3,8,19,2,1,1,3,0,8,19,11
C2902,3750,0,0,0,0,3426,0,1,82,4,29,10,34,3,5,17,0,1,2,2,0,7,17,5
C3001,5621,0,0,0,0,5453,1,0,27,0,7,0,14,1,1,9,0,0,1,3,0,6,6,7
C3101,4890,0,0,0,0,4688,0,0,40,1,10,3,17,2,3,13,0,0,0,5,1,9,9,6
C3102,4973,0,0,0,0,4834,0,0,26,2,6,0,10,0,2,9,0,0,0,1,0,12,7,1
C3201,6838,0,0,0,0,6262,0,0,164,5,47,9,96,9,8,32,6,1,2,6,0,23,26,10
C3301,4090,0,0,0,0,3673,0,0,115,3,44,9,65,9,10,24,2,2,0,1,4,5,22,10
C3401,12593,0,0,0,0,11934,0,0,156,5,41,3,81,12,6,42,5,0,1,5,2,31,28,13
C3501,6207,0,0,0,0,5997,0,0,51,2,8,1,30,1,2,16,1,0,0,2,1,12,4,4
D0101,10462,0,0,0,0,9480,5,1,300,7,87,15,141,18,26,60,1,0,0,6,0,45,32,17
D0201,8496,0,0,0,0,8286,0,0,34,0,3,1,20,0,0,9,2,0,0,1,0,7,2,8
D0301,6015,0,0,0,0,5375,1,1,180,11,55,20,86,15,15,36,6,0,2,3,1,17,23,13
D0401,10192,0,0,0,0,9650,3,0,130,8,61,16,91,11,10,29,2,0,2,8,2,21,25,6
D0501,9009,0,0,0,0,8691,2,0,86,1,25,3,41,4,6,17,0,0,0,2,1,9,10,5
D0601,7751,0,0,0,0,6302,0,0,335,39,206,52,246,121,67,40,7,4,6,13,5,18,62,13
D0701,8572,0,0,0,0,7004,2,1,402,52,214,61,255,110,64,54,8,8,9,13,6,18,63,14
D0801,10893,0,0,0,0,10370,0,0,140,1,46,6,82,7,8,43,1,0,0,11,1,20,17,14
D0901,7659,0,0,0,0,7450,0,0,52,1,16,0,7,0,1,7,0,1,0,3,0,13,9,5
D1001,8728,0,0,0,0,8464,1,0,56,3,12,6,23,5,3,19,0,0,0,4,1,13,5,8
D1101,1515,0,0,0,0,1099,0,0,168,68,27,55,17,15,16,4,3,8,3,4,5,7,12,2
D1102,2310,0,0,0,0,1763,0,0,117,66,70,88,47,42,24,4,3,4,3,5,6,7,19,1
D1103,2071,0,0,0,0,1639,0,1,51,59,80,74,29,11,9,3,1,10,7,3,8,4,32,4
D1201,778,0,0,0,0,717,0,0,7,13,6,7,5,0,3,1,0,0,1,0,1,3,1,1
D1202,8493,0,0,0,0,7045,0,1,469,68,137,74,255,48,68,44,9,5,4,20,3,13,46,14
D1301,2321,0,0,0,0,2126,0,0,58,0,7,3,29,4,6,14,2,0,0,1,1,11,7,5
D1302,6765,0,0,0,0,6550,1,0,45,1,22,1,31,3,4,17,1,2,0,3,0,14,8,3
D1401,11378,0,0,0,0,11105,0,0,62,0,16,0,19,2,0,14,0,0,0,2,0,26,7,3
D1501,2639,0,0,0,0,2426,0,1,59,1,21,4,39,5,4,16,1,2,0,6,0,7,8,11
D1502,6262,0,0,0,0,5694,0,0,153,9,56,31,92,12,15,36,1,1,1,8,1,10,29,14
D1601,1734,0,0,0,0,1366,0,1,35,65,45,80,15,12,26,1,2,18,9,6,17,18,13,3
D1602,2049,0,0,0,0,1578,0,2,50,95,57,78,10,15,35,2,11,25,10,8,15,29,18,3
D1701,6475,0,0,0,0,5874,1,0,143,60,46,38,63,11,13,24,1,19,2,7,8,14,12,17
D1702,1209,0,0,0,0,1144,0,0,14,3,4,1,12,1,0,3,0,1,0,0,2,0,1,4
E0101,0,4260,0,0,0,3263,0,0,145,93,147,158,90,50,42,14,4,14,4,5,20,24,54,11
E0201,0,12053,0,0,0,10861,0,0,321,51,108,93,101,36,34,35,33,9,8,29,28,63,43,55
E0401,0,7843,0,0,0,7094,0,0,181,16,61,29,99,20,18,33,7,1,1,7,4,40,33,24
E0501,0,13553,0,0,0,11750,0,2,523,37,256,85,259,84,58,77,10,3,6,11,10,41,99,32
E0601,0,5915,0,0,0,5579,0,0,82,2,24,4,31,8,1,17,3,0,0,5,2,22,14,11
E0701,0,5734,0,0,0,5560,0,0,33,1,6,3,14,0,1,9,1,1,0,1,1,6,6,5
E0801,0,5475,0,0,0,4129,0,1,276,75,240,114,144,78,77,25,8,9,3,4,14,14,70,11
E0901,0,5514,0,0,0,5056,0,1,87,17,73,19,55,9,13,12,1,1,1,4,8,12,19,18
E1001,0,6578,0,0,0,6156,0,0,104,5,36,7,53,8,7,19,3,0,0,5,1,12,14,18
E1101,0,7748,0,0,0,6881,0,1,252,12,76,13,125,26,26,41,6,2,1,6,1,12,43,10
E1201,0,7565,0,0,0,6932,0,0,180,11,39,12,74,14,11,24,1,0,0,12,3,14,27,17
E1301,0,6369,0,0,0,5892,0,0,110,4,30,15,62,12,7,22,2,0,1,6,0,23,27,16
E1401,0,6166,0,0,0,5510,0,0,251,10,47,20,62,8,10,30,6,0,0,12,4,17,21,15
E1501,0,5562,0,0,0,5160,0,0,129,5,30,7,42,5,4,13,2,0,0,12,4,14,15,12
E1601,0,5326,0,0,0,4771,0,0,165,6,39,25,76,12,8,35,7,0,0,6,3,19,20,10
E1701,0,3043,0,0,0,2383,0,0,103,27,90,170,60,37,22,4,3,4,3,14,22,20,21,13
E1702,0,568,0,0,0,419,0,2,37,7,14,8,7,11,13,5,2,2,0,1,2,1,8,2
E1901,0,10764,0,0,0,10078,0,0,186,11,52,19,95,15,8,18,7,0,0,21,3,34,34,31
F0101,0,7637,0,0,0,7134,0,0,128,5,33,5,57,8,6,31,0,0,1,2,0,9,17,7
F0201,0,6825,0,0,0,6154,0,1,217,5,49,13,96,16,9,33,2,3,0,2,4,17,24,20
F0301,0,5878,0,0,0,5491,0,0,90,1,24,3,60,3,8,22,1,0,0,5,1,9,18,18
F0401,0,10493,0,0,0,10214,0,0,48,0,11,0,16,4,1,8,0,0,0,0,0,9,5,7
F0501,0,6449,0,0,0,5991,0,0,124,5,30,4,53,10,7,21,2,1,1,2,7,16,21,8
F0601,0,6452,0,0,0,5976,0,0,119,9,32,9,52,9,10,36,2,0,0,5,4,10,18,7
F0701,0,4991,0,0,0,4700,0,0,68,2,21,2,32,4,2,7,0,0,0,4,3,15,14,16
F0801,0,7727,0,0,0,7296,0,0,114,3,39,7,74,7,7,24,1,0,1,3,1,22,8,15
F0901,0,11256,0,0,0,10882,0,0,48,1,3,0,22,1,2,13,0,0,0,2,1,11,11,5
F1001,0,9110,0,0,0,8687,0,0,120,2,27,7,49,8,5,30,1,0,2,4,0,11,23,9
F1101,0,6128,0,0,0,5822,0,0,70,5,30,6,28,6,6,17,2,0,0,2,1,8,12,2
F1201,0,10725,0,0,0,10057,0,0,140,6,75,12,75,28,13,40,7,2,0,7,1,7,36,13
F1301,0,8732,0,0,0,7161,0,2,541,40,142,100,185,66,50,47,6,3,4,13,36,30,51,22
F1401,0,7442,0,0,0,6286,0,2,445,30,90,52,147,40,19,40,4,2,0,8,13,15,48,16
F1501,0,8175,0,0,0,6842,0,0,506,30,122,50,203,43,32,43,7,2,1,13,14,30,51,14
F1601,0,7565,0,0,0,5926,0,1,522,36,214,58,266,61,61,69,12,2,1,2,11,22,71,10
F1701,0,4585,0,0,0,4109,0,0,135,1,31,9,76,8,5,31,1,1,1,1,4,15,18,11
F1801,0,10426,0,0,0,9978,0,0,131,2,26,8,54,3,6,21,1,1,1,3,4,15,20,8
F1901,0,9266,0,0,0,8899,0,0,102,0,40,0,36,6,4,22,2,0,0,0,2,21,10,5
F2001,0,7898,0,0,0,7605,0,0,57,2,13,1,28,3,2,13,1,0,0,3,0,13,9,6
F2101,0,5918,0,0,0,4544,0,0,385,66,131,172,133,108,56,47,12,8,1,15,46,29,60,16
F2201,0,9000,0,0,0,8630,0,0,123,4,15,5,41,10,7,12,0,2,1,3,1,12,12,7
F2301,0,3802,0,0,0,3696,0,0,24,0,2,0,7,0,0,4,0,1,0,0,2,2,3,3
F2302,0,4599,0,0,0,4009,0,0,127,27,56,109,44,45,24,13,7,7,2,6,20,13,19,10
G0101,0,9366,0,0,0,8484,0,0,281,24,69,66,101,35,13,29,6,2,0,3,13,20,41,13
G0201,0,13256,0,0,0,11967,0,1,339,14,131,42,188,35,37,45,8,3,2,14,8,21,66,26
G0301,0,9603,0,0,0,8752,0,0,277,11,51,16,130,15,7,36,4,0,0,25,1,10,29,21
G0401,0,8764,0,0,0,7907,0,2,219,15,72,55,94,39,25,45,8,5,6,6,15,19,41,19
G0501,0,5548,0,0,0,5299,0,0,62,2,21,4,30,4,6,15,2,0,2,6,1,7,9,5
G0502,0,4524,0,0,0,4383,0,0,43,0,7,0,15,1,0,10,0,0,0,2,0,2,2,3
G0601,0,6133,0,0,0,4865,0,3,331,52,113,175,133,88,50,38,9,12,0,13,26,36,48,16
G0602,0,3235,0,0,0,2546,0,1,223,42,64,92,96,28,19,14,3,4,1,7,18,11,15,10
G0701,0,3209,0,0,0,2547,0,0,190,31,57,100,62,34,33,7,4,7,2,8,16,13,20,5
G0702,0,4963,0,0,0,4193,0,0,310,19,49,30,101,25,18,29,3,1,3,10,8,26,31,10
G0801,0,6567,0,0,0,5105,0,0,408,67,123,268,167,85,39,29,6,11,9,18,37,19,61,25
G0901,0,6449,0,0,0,5027,0,0,376,77,155,203,149,80,84,23,11,13,7,13,43,22,58,28
G0902,0,1016,0,0,0,808,0,2,44,16,9,63,7,9,2,1,2,7,4,10,13,11,12,6
G1001,0,6033,0,0,0,5594,0,0,127,5,37,11,42,9,12,20,0,0,1,4,0,11,16,36
G1101,0,6643,0,0,0,5866,0,0,235,13,65,18,116,19,20,57,5,2,1,4,4,4,29,21
G1201,0,5236,0,0,0,5045,0,0,12,0,0,0,2,0,0,3,0,0,0,0,0,4,1,5
G1301,0,7795,0,0,0,7493,0,0,20,0,2,0,12,0,0,4,0,0,0,2,1,6,4,3
G1501,0,5342,0,0,0,5092,0,0,65,1,16,0,32,1,7,19,2,0,0,5,0,6,8,5
G1601,0,5878,0,0,0,5446,0,0,125,3,38,13,47,5,5,20,1,1,0,1,0,10,21,13
G1701,0,4582,0,0,0,3668,0,1,186,37,146,97,108,58,33,18,9,8,6,7,17,25,41,13
G1702,0,4291,0,0,0,3923,0,0,108,3,31,6,60,8,8,14,3,0,0,5,2,11,8,5
G1801,0,10229,0,0,0,8504,0,0,498,49,188,85,233,98,66,54,17,8,6,11,25,19,88,24
G1901,0,3192,0,0,0,2463,0,0,199,20,90,37,105,37,25,24,7,7,1,2,8,8,39,10
G1902,0,3157,0,0,0,2725,0,0,123,11,59,11,61,13,14,13,4,3,1,1,2,5,20,5
G2001,0,9804,0,0,0,8804,0,1,319,14,96,28,138,36,28,42,16,3,2,10,7,25,33,21
G2101,0,8497,0,0,0,8076,0,0,87,3,32,3,49,4,3,16,1,0,0,2,1,7,13,12
G2201,0,5577,0,0,0,5201,0,0,119,2,35,2,57,6,6,14,4,1,2,4,2,6,17,9
G2301,0,7498,0,0,0,7289,0,0,55,0,10,1,23,0,2,14,1,0,0,3,0,12,7,6
G2401,0,10627,0,0,0,9659,1,0,317,17,93,25,142,48,43,43,2,1,5,6,12,12,44,11
H0101,0,0,12303,0,0,11718,0,1,113,5,33,8,48,10,12,25,2,2,2,5,5,22,15,8
H0201,0,0,10876,0,0,10238,0,0,189,8,69,16,83,15,8,26,1,0,1,3,1,18,20,9
H0301,0,0,7296,0,0,7087,0,0,36,0,10,0,15,1,0,6,1,0,0,3,1,6,6,3
H0401,0,0,6278,0,0,5592,0,1,222,6,38,11,108,8,8,42,0,1,1,5,2,12,23,12
H0501,0,0,12516,0,0,11950,0,0,158,6,38,6,78,13,9,42,7,1,0,7,3,18,18,14
H0601,0,0,6419,0,0,5928,0,1,151,3,34,9,74,11,6,29,2,2,0,4,2,5,25,6
H0602,0,0,4160,0,0,3213,0,0,318,19,109,36,174,43,37,52,1,3,0,4,4,10,40,8
H0701,0,0,4607,0,0,4258,0,0,80,1,33,5,57,7,6,15,1,0,0,1,2,6,11,15
H0702,0,0,6043,0,0,5631,0,0,131,2,39,7,62,7,7,27,0,0,0,1,6,11,15,15
H0801,0,0,10105,0,0,9400,0,0,195,3,60,32,82,19,21,26,3,2,2,4,5,12,20,19
H0901,0,0,5476,0,0,5293,0,0,29,0,10,0,7,1,0,14,1,0,0,3,1,8,5,9
H1001,0,0,10974,0,0,10433,0,0,153,4,52,9,75,18,5,29,2,0,0,7,1,13,23,12
H1101,0,0,5346,0,0,5182,0,0,34,0,5,0,18,2,2,15,0,0,0,2,0,7,4,6
H1102,0,0,5546,0,0,5378,0,0,41,0,9,0,9,0,2,11,0,0,0,5,0,5,5,5
H1201,0,0,5801,0,0,5385,0,0,160,6,24,5,58,11,6,26,3,0,0,6,3,6,23,4
H1202,0,0,3958,0,0,3595,0,0,142,3,32,4,65,9,6,17,0,0,0,1,5,4,11,7
H1301,0,0,4967,0,0,4713,0,1,80,1,19,4,49,0,0,14,3,0,0,1,1,4,9,6
H1302,0,0,7191,0,0,6720,0,0,160,1,33,7,68,7,4,24,2,0,1,6,2,15,19,15
H1401,0,0,4696,0,0,4566,0,0,40,0,5,0,8,0,0,4,2,0,0,0,1,4,4,4
H1402,0,0,3972,0,0,3848,0,0,27,0,6,1,7,0,2,8,0,0,0,2,0,5,4,8
H1501,0,0,11134,0,0,10594,1,1,190,2,30,5,92,5,6,41,5,0,0,6,1,8,20,10
H1601,0,0,11627,0,0,11251,0,0,74,0,11,2,23,0,1,26,0,0,0,5,0,12,8,6
H1701,0,0,9968,0,0,9276,0,1,196,6,38,6,109,11,10,58,2,0,0,6,5,15,35,20
H1801,0,0,12249,0,0,11861,0,1,60,0,8,0,18,0,2,15,2,0,0,4,0,13,11,20
H1901,0,0,11584,0,0,11025,0,0,139,3,23,2,64,4,3,31,0,0,0,0,2,16,6,25
H2001,0,0,4988,0,0,4539,0,1,164,2,30,4,84,9,9,20,1,0,0,4,1,6,17,6
H2002,0,0,7457,0,0,6982,0,0,132,1,36,7,74,9,8,28,1,1,0,2,1,14,16,6
H2101,0,0,8652,0,0,7871,0,0,216,9,55,30,95,22,30,35,4,0,1,4,5,6,29,7
H2201,0,0,7473,0,0,7232,0,0,55,0,8,0,14,1,2,15,0,0,0,1,1,5,5,4
H2301,0,0,7294,0,0,7034,0,0,67,0,18,0,23,2,1,10,0,0,0,2,0,8,11,8
H2401,0,0,6448,0,0,5730,0,0,203,7,53,9,126,11,15,52,2,0,0,6,5,14,29,11
H2402,0,0,3490,0,0,3388,0,0,27,0,5,0,6,0,3,6,1,0,0,2,0,3,5,3
H2501,0,0,8130,0,0,7914,0,0,43,1,4,0,18,1,1,13,2,0,0,0,0,4,10,5
J0101,0,0,3877,0,0,3569,0,0,76,0,22,6,40,4,4,14,1,0,2,0,0,7,10,8
J0102,0,0,3602,0,0,3461,0,0,39,1,10,2,14,0,1,7,0,0,0,4,1,6,8,2
J0201,0,0,7007,0,0,6052,0,1,336,8,75,14,136,26,11,45,2,0,0,3,6,13,36,6
J0301,0,0,6769,0,0,6492,0,0,69,3,18,1,30,6,4,16,1,0,0,2,1,7,7,6
J0401,0,0,10320,0,0,9532,0,0,277,12,53,11,104,17,11,54,6,2,1,2,3,19,39,11
J0501,0,0,7947,0,0,7658,0,0,74,4,18,4,22,5,6,16,3,1,0,5,1,7,14,7
J0601,0,0,8728,0,0,8466,0,0,36,0,3,0,24,0,1,6,1,0,1,2,1,10,8,2
J0701,0,0,5474,0,0,5310,0,0,14,1,2,0,3,0,0,1,0,0,0,1,0,0,5,5
J0702,0,0,4138,0,0,3992,0,2,38,1,11,1,22,1,3,13,1,0,0,1,0,1,6,3
J0801,0,0,8599,0,0,8373,0,0,58,0,16,0,13,1,0,21,0,0,0,2,1,5,7,6
J0901,0,0,6205,0,0,5886,0,0,104,1,28,4,53,3,4,19,1,0,0,2,2,4,19,2
J0902,0,0,7449,0,0,7005,0,0,67,0,7,0,39,1,4,17,0,0,0,1,1,10,6,1
J1001,0,0,7182,0,0,7006,0,0,26,0,8,0,11,1,0,10,2,0,0,3,1,1,3,4
J1101,0,0,11357,0,0,11068,0,0,40,0,3,1,24,0,2,7,1,1,1,5,0,13,7,10
J1201,0,0,9019,0,0,8731,0,0,51,0,12,1,19,1,1,16,0,1,0,1,0,11,10,5
J1301,0,0,6590,0,0,6107,0,0,145,1,40,6,70,11,7,32,0,0,1,3,2,15,14,11
J1302,0,0,5211,0,0,4864,0,0,112,1,27,6,54,6,5,17,3,0,0,5,0,6,15,9
J1401,0,0,7914,0,0,7701,0,0,38,0,2,0,8,1,3,11,0,0,0,2,0,4,2,5
J1402,0,0,2400,0,0,2339,0,0,15,0,1,0,2,0,0,2,1,0,0,0,0,4,2,2
J1501,0,0,9177,0,0,8942,0,0,45,0,9,0,22,3,1,17,1,0,0,2,0,6,8,9
J1601,0,0,9430,0,0,8952,0,0,136,1,51,2,53,5,11,33,0,0,0,2,0,19,17,15
J1701,0,0,3544,0,0,3441,0,0,14,0,1,1,4,0,0,2,0,0,0,0,0,3,2,2
J1702,0,0,6834,0,0,6418,0,1,106,3,49,6,55,5,11,22,3,0,0,2,1,12,22,16
J1801,0,0,9790,0,0,9368,0,0,134,3,38,8,57,2,7,25,1,0,1,7,1,10,10,11
J1802,0,0,7987,0,0,7574,0,1,116,3,45,5,31,5,7,19,1,0,0,2,1,12,16,10
J1901,0,0,10717,0,0,10409,1,0,63,0,12,0,19,2,0,16,1,0,0,1,1,7,9,6
J2001,0,0,5344,0,0,4924,0,1,119,3,42,3,72,12,10,20,0,1,1,3,1,5,14,13
J2101,0,0,6115,0,0,5729,0,0,109,1,33,5,57,5,4,23,2,0,1,1,2,6,10,10
J2201,0,0,8775,0,0,8498,0,0,35,0,9,1,13,1,2,15,0,0,0,2,0,10,5,4
J2301,0,0,11839,0,0,11335,0,0,111,1,10,0,46,2,0,23,1,0,0,2,1,11,15,10
J2302,0,0,4935,0,0,4553,0,0,101,3,27,5,48,3,5,13,2,0,0,1,1,5,19,6
J2401,0,0,8023,0,0,7759,0,0,34,0,8,0,9,0,2,11,1,0,1,3,1,8,4,6
J2402,0,0,1071,0,0,939,0,0,35,2,11,5,11,2,6,5,1,0,0,0,0,2,9,21
J2501,0,0,11981,0,0,9529,0,0,745,58,324,98,335,166,123,101,6,17,3,13,15,12,114,11
J2601,0,0,11671,0,0,9868,0,0,596,23,215,49,223,98,54,79,8,6,2,11,8,25,97,20
J2701,0,0,11979,0,0,11639,0,0,74,0,21,1,25,1,4,25,1,0,0,7,0,14,11,5
J2801,0,0,9165,0,0,8684,0,0,126,2,47,3,64,7,6,34,2,0,0,5,1,14,13,19
J2901,0,0,7217,0,0,6577,0,0,230,11,55,14,72,5,17,23,4,1,2,5,10,14,29,13
J3001,0,0,4529,0,0,4326,0,0,47,2,8,1,21,1,2,12,0,0,0,1,1,4,10,3
J3002,0,0,3722,0,0,3395,0,0,110,4,25,4,60,14,7,20,0,0,1,0,0,5,9,8
J3101,0,0,7723,0,0,6928,0,1,284,12,65,14,103,19,18,29,2,0,1,10,9,9,32,24
J3201,0,0,8941,0,0,8579,0,0,81,3,26,1,22,4,2,15,0,0,0,5,1,6,12,5
J3301,0,0,8930,0,0,8696,0,0,47,0,6,0,13,0,3,9,1,0,0,1,1,6,7,2
J3401,0,0,2278,0,0,2122,0,0,57,0,14,2,23,4,3,8,1,0,0,3,0,3,8,3
J3402,0,0,7113,0,0,6774,0,1,72,2,11,4,39,3,7,16,1,0,0,3,2,9,11,14
J3501,0,0,9574,0,0,8518,0,0,280,7,107,14,156,15,23,63,2,0,0,8,3,22,48,17
J3601,0,0,7629,0,0,7412,0,0,61,0,12,0,14,1,4,15,0,0,0,2,1,10,5,5
J3701,0,0,6722,0,0,6504,0,0,38,0,8,0,18,1,1,9,1,0,0,1,0,5,6,4
K0101,0,0,0,5201,0,4675,0,1,144,8,47,39,73,19,13,18,3,1,2,4,9,9,26,16
K0201,0,0,0,5244,0,4797,0,0,127,6,41,10,63,12,10,28,2,1,0,4,2,13,17,14
K0301,0,0,0,11813,0,10240,0,1,442,15,130,36,285,52,29,75,6,3,0,8,13,20,61,13
K0401,0,0,0,7419,0,6974,0,0,125,1,41,10,65,8,5,25,1,0,0,2,3,7,21,13
K0501,0,0,0,7419,0,7135,0,0,83,2,20,4,21,1,0,16,0,2,0,5,0,5,22,5
K0601,0,0,0,9759,0,8380,0,1,458,17,177,39,218,46,27,62,3,5,1,8,7,17,59,9
K0701,0,0,0,9934,0,9056,0,0,234,5,74,11,102,17,20,65,4,1,2,4,7,13,46,13
K0801,0,0,0,5534,0,5057,0,0,173,1,43,7,62,7,9,21,2,1,1,5,4,4,27,8
K0802,0,0,0,399,0,371,0,0,9,0,3,0,2,0,0,0,0,0,0,1,0,2,0,2
K0901,0,0,0,10206,0,8914,0,0,470,9,124,28,174,50,26,52,4,4,0,10,21,32,46,23
K1001,0,0,0,11550,0,9940,0,1,511,35,139,51,214,66,39,78,12,4,3,16,25,32,72,37
K1101,0,0,0,8309,0,7054,0,0,453,13,130,44,203,43,20,39,6,1,1,6,13,17,64,9
K1102,0,0,0,5736,0,5037,1,1,193,2,62,24,92,20,12,47,0,1,0,7,11,17,28,18
K1201,0,0,0,1759,0,1547,0,1,65,1,16,7,31,6,4,13,1,1,0,3,7,8,3,4
K1202,0,0,0,2926,0,2542,0,0,109,5,16,15,53,15,4,26,0,3,3,3,10,7,18,5
K1301,0,0,0,6182,0,5043,1,0,336,36,117,25,125,39,27,73,4,3,4,9,7,15,52,8
K1401,0,0,0,10138,0,8878,0,0,451,22,101,45,177,39,23,49,6,3,6,6,16,19,68,16
K1501,0,0,0,7613,0,7400,0,0,40,0,6,0,16,1,2,13,1,0,0,1,1,6,8,11
K1502,0,0,0,2055,0,1790,0,0,85,3,14,6,30,3,9,12,2,0,0,3,3,3,6,4
K1601,0,0,0,9172,0,8924,0,0,53,1,10,0,15,0,3,15,4,0,0,3,2,5,16,9
K1701,0,0,0,5798,0,5669,0,0,31,1,1,1,9,0,0,10,0,0,0,3,0,2,3,2
K1801,0,0,0,3941,0,3781,0,0,43,2,4,7,11,4,1,7,0,0,0,5,1,3,6,3
K1802,0,0,0,4858,0,4695,1,0,39,0,7,1,19,1,1,5,2,0,1,1,0,5,8,2
L0101,0,0,0,3799,0,3450,0,0,125,2,25,4,36,4,9,21,1,0,0,3,1,6,23,2
L0102,0,0,0,2537,0,2230,0,0,93,1,33,6,44,9,7,8,0,0,0,5,2,4,8,7
L0201,0,0,0,9113,0,8299,0,0,292,4,31,18,143,25,5,32,1,0,0,6,2,17,25,16
L0202,0,0,0,4807,0,4390,0,0,157,0,25,5,72,4,6,21,2,0,1,3,1,10,14,2
L0301,0,0,0,5809,0,5528,0,0,111,0,13,3,46,2,4,14,0,0,0,3,1,12,8,5
L0302,0,0,0,2120,0,1747,0,0,160,0,20,9,68,4,3,16,1,0,1,4,0,8,19,4
L0401,0,0,0,7132,0,6943,0,0,31,0,4,1,10,1,0,12,1,0,0,0,1,13,6,5
L0402,0,0,0,2994,0,2815,0,1,59,1,16,1,28,4,3,14,1,0,0,2,1,6,9,4
L0501,0,0,0,8478,0,8266,1,0,39,1,7,0,15,2,0,15,1,0,0,1,0,11,8,4
L0601,0,0,0,6184,0,6005,0,0,41,0,2,0,15,0,2,8,0,0,0,1,0,8,8,2
L0602,0,0,0,6513,0,6006,1,1,162,3,30,10,76,6,2,31,0,2,0,1,1,16,12,7
L0701,0,0,0,9062,0,8035,0,0,355,2,63,21,195,22,10,59,1,1,0,1,2,14,32,11
L0801,0,0,0,10499,0,10156,0,0,106,0,9,1,35,0,2,21,0,0,0,1,0,16,12,9
L0901,0,0,0,5605,0,5488,0,0,28,0,3,1,6,0,1,4,0,0,0,1,1,3,2,6
L0902,0,0,0,2443,0,2382,0,0,7,0,0,0,3,0,0,4,1,0,0,1,0,2,2,1
L1001,0,0,0,9797,0,9455,0,0,87,3,21,0,32,3,2,22,1,0,0,2,0,13,12,6
L1101,0,0,0,2138,0,1990,0,0,49,2,2,1,13,0,0,9,1,0,0,2,0,1,6,1
L1102,0,0,0,4501,0,4206,1,1,88,2,13,4,37,4,3,13,0,0,0,4,1,7,10,13
L1201,0,0,0,5883,0,5421,0,0,159,2,25,10,90,8,10,25,3,0,0,2,6,12,16,10
L1202,0,0,0,1768,0,1554,0,0,69,5,11,14,36,8,11,8,4,2,0,1,10,3,11,6
L1301,0,0,0,2390,0,2012,0,0,131,8,15,23,63,17,6,9,0,0,0,8,10,11,9,12
L1302,0,0,0,7107,0,6055,1,1,344,32,56,68,139,40,22,32,7,6,3,11,21,15,32,27
L1401,0,0,0,11436,0,10623,0,0,267,7,45,8,114,12,2,57,3,0,1,8,7,14,26,15
L1501,0,0,0,8592,0,8059,0,0,165,1,32,5,65,7,5,34,3,0,0,5,2,11,21,12
L1601,0,0,0,9629,0,8604,1,0,377,6,41,16,199,22,6,60,0,1,1,11,3,16,33,16
L1701,0,0,0,7951,0,7759,1,0,34,0,1,0,15,0,2,14,0,0,1,0,0,8,9,8
L1801,0,0,0,3645,0,3434,0,0,80,2,15,1,36,2,0,16,0,1,0,3,1,5,5,3
L1802,0,0,0,6168,0,6030,0,0,35,0,3,0,6,0,1,4,0,0,0,2,1,2,4,2
L1901,0,0,0,4836,0,4299,0,0,203,4,25,10,93,12,5,22,0,1,0,3,0,9,11,8
L1902,0,0,0,778,0,715,0,0,19,0,1,3,8,0,0,3,0,0,0,0,0,0,3,3
L2001,0,0,0,8664,0,8256,1,0,127,1,20,0,56,4,2,16,2,0,0,2,0,17,17,17
L2002,0,0,0,796,0,737,0,0,23,1,2,0,5,0,1,3,0,0,0,0,0,1,0,2
L2101,0,0,0,9441,0,9083,0,0,106,0,14,3,59,0,4,26,1,0,0,2,0,11,16,10
L2201,0,0,0,9958,0,9652,0,0,88,1,16,2,48,1,2,20,0,0,0,3,1,11,12,6
L2301,0,0,0,11012,0,10566,0,1,132,1,19,1,74,5,5,30,1,0,0,5,1,16,20,10
L2401,0,0,0,6501,0,6323,0,1,40,0,3,0,19,1,1,4,0,0,1,3,0,4,3,3
L2402,0,0,0,1875,0,1685,0,0,63,4,7,8,39,5,1,6,2,1,0,0,1,3,7,2
L2501,0,0,0,10136,0,9633,0,1,159,1,20,5,95,2,5,38,1,0,0,5,2,10,24,5
L2601,0,0,0,8569,0,8015,0,0,194,1,27,11,92,5,6,39,1,0,1,4,1,12,21,8
L2701,0,0,0,7364,0,6796,0,1,223,3,25,11,72,7,8,39,1,1,0,2,1,16,22,3
L2702,0,0,0,2717,0,2261,0,0,158,0,25,9,65,7,9,37,1,0,0,1,2,5,19,7
L2801,0,0,0,11499,0,11257,1,0,59,0,4,1,20,0,1,15,1,0,0,1,1,13,4,6
L2802,0,0,0,1021,0,851,0,1,71,1,3,2,27,6,2,13,0,1,0,3,2,2,1,7
L2901,0,0,0,3315,0,3087,0,1,65,3,6,3,36,5,1,9,0,1,1,0,0,3,6,5
L2902,0,0,0,2048,0,1869,0,0,47,0,6,0,27,1,1,6,0,0,0,1,0,3,6,6
L2903,0,0,0,2660,0,2369,1,0,71,2,12,3,38,1,0,26,0,0,0,6,1,5,8,9
M0101,0,0,0,8024,0,7347,2,0,288,5,18,15,95,7,8,28,1,0,2,3,4,8,16,26
M0201,0,0,0,7081,0,6647,0,0,162,5,20,4,52,8,1,32,0,1,0,5,1,8,13,7
M0202,0,0,0,4139,0,3413,2,0,341,2,31,11,94,20,10,48,1,1,0,4,3,8,22,12
M0301,0,0,0,10300,0,9910,0,1,129,0,18,5,46,1,2,19,0,0,0,1,0,11,21,16
M0401,0,0,0,8648,0,8365,0,1,97,1,13,2,34,4,2,14,0,0,0,6,0,10,4,10
M0501,0,0,0,4719,0,4399,0,0,118,1,16,6,35,7,5,5,2,0,0,3,1,8,6,17
M0502,0,0,0,6608,0,5924,2,2,298,3,31,11,74,9,10,23,0,2,1,7,3,11,34,22
M0601,0,0,0,4022,0,3307,0,0,261,17,67,15,86,24,22,22,5,0,1,5,7,14,27,13
M0701,0,0,0,5894,0,5147,0,1,285,5,36,19,110,19,12,33,0,0,1,1,1,11,21,21
M0801,0,0,0,1104,0,1036,0,0,26,0,6,0,12,0,0,3,1,0,0,1,0,3,0,0
M0802,0,0,0,5967,0,5381,1,0,199,8,45,5,63,8,4,37,4,0,0,5,3,10,26,19
M0901,0,0,0,6353,0,5655,0,2,233,3,43,5,80,16,9,31,2,0,1,6,4,7,37,12
M0902,0,0,0,3823,0,3367,0,1,148,4,22,8,43,9,6,25,0,2,0,4,0,7,14,13
M1001,0,0,0,3894,0,3609,2,2,95,0,11,1,42,1,1,16,0,0,0,0,2,8,8,5
M1002,0,0,0,6557,0,6113,1,1,154,1,5,3,57,2,3,18,1,1,0,6,0,12,14,9
M1101,0,0,0,3333,0,3028,2,0,117,5,4,10,42,7,2,12,2,2,1,4,2,6,2,10
M1102,0,0,0,7058,0,6446,0,0,172,1,19,5,64,13,5,32,1,1,0,4,3,6,17,12
M1201,0,0,0,3712,0,3427,1,1,112,2,16,3,28,2,2,10,1,0,0,2,2,3,7,8
M1301,0,0,0,3779,0,3471,0,0,112,2,9,1,16,4,3,13,4,0,0,0,1,6,11,11
M1302,0,0,0,1523,0,1427,0,0,27,0,2,0,7,2,1,8,1,1,2,1,0,3,2,4
M1401,0,0,0,933,0,890,1,0,10,1,0,0,4,0,0,0,0,0,0,1,0,0,1,16
M1402,0,0,0,3218,0,3012,1,0,57,2,6,0,18,2,3,5,0,0,0,1,0,2,12,8
M1403,0,0,0,3217,0,2938,0,0,104,2,8,6,49,8,3,12,1,0,0,1,2,3,6,9
M1501,0,0,0,6398,0,6077,0,0,104,4,14,1,50,4,5,21,2,1,0,2,3,9,8,7
M1502,0,0,0,6602,0,6231,0,0,142,0,14,1,46,0,0,19,0,0,0,1,1,8,12,6
M1601,0,0,0,10035,0,9690,2,0,92,0,14,0,26,1,2,23,0,0,0,6,0,9,19,9
M1701,0,0,0,7769,0,7586,3,0,38,0,3,0,13,1,2,8,0,0,0,1,0,10,8,6
M1801,0,0,0,6564,0,6107,0,0,164,0,20,3,48,10,2,29,3,0,1,2,0,8,13,6
M1802,0,0,0,6538,0,6349,0,0,22,0,3,0,5,0,1,9,1,0,0,0,0,5,9,5
M1901,0,0,0,9087,0,8789,0,0,48,0,6,2,22,3,2,20,2,0,0,0,2,6,9,4
M2001,0,0,0,10208,0,9707,1,0,113,2,13,3,31,3,1,17,1,0,0,5,1,17,8,10
M2101,0,0,0,10638,0,10358,1,0,30,0,1,1,11,0,1,11,0,0,0,1,0,5,5,6
M2201,0,0,0,12134,0,11831,0,0,32,0,1,0,16,0,0,14,1,0,0,2,0,9,4,12
M2301,0,0,0,10552,0,10274,0,0,40,0,1,1,14,0,0,8,1,0,0,0,0,7,5,5
M2401,0,0,0,8791,0,8458,0,1,106,2,11,3,27,8,0,13,0,0,1,0,0,5,4,2
M2501,0,0,0,10560,0,9066,0,0,614,9,70,25,207,26,14,75,7,0,1,3,7,15,51,10
M2601,0,0,0,6760,0,6490,0,0,41,0,7,1,10,0,0,11,1,0,0,4,0,8,3,4
M2701,0,0,0,8892,0,8521,0,0,120,0,14,3,27,2,2,23,0,0,0,3,0,8,12,8
M2801,0,0,0,8349,0,8110,0,0,47,0,6,0,13,0,1,8,0,0,0,1,1,11,9,6
M2901,0,0,0,8722,0,7892,0,0,317,7,40,5,108,12,4,52,3,1,1,8,3,8,19,14
M3001,0,0,0,7754,0,7165,0,1,194,1,29,6,64,8,8,20,2,0,0,3,0,14,26,12
M3101,0,0,0,8183,0,6628,1,2,703,28,89,77,214,58,33,44,9,7,0,15,14,23,37,18
M3201,0,0,0,3238,0,2988,2,0,59,2,4,2,17,0,3,5,0,0,0,1,2,1,5,7
M3202,0,0,0,5815,0,5132,2,2,207,24,48,53,62,29,17,20,3,9,1,8,11,9,22,10
M3301,0,0,0,5801,0,5294,2,0,164,4,23,8,48,18,6,25,2,3,1,7,5,9,16,11
M3401,0,0,0,6023,0,5645,1,1,104,8,11,12,43,9,7,8,2,1,0,9,2,6,5,13
M3501,0,0,0,9546,0,8708,3,1,218,16,31,17,99,14,10,37,1,3,1,10,1,14,25,22
N0101,0,0,0,0,5901,5502,0,0,129,1,11,2,45,9,5,30,2,0,0,4,1,6,10,9
N0201,0,0,0,0,3122,2860,0,0,86,1,13,5,28,4,4,9,0,0,0,1,3,4,5,3
N0202,0,0,0,0,3095,2733,0,1,131,3,20,2,34,7,4,33,2,1,0,4,0,7,17,2
N0301,0,0,0,0,11563,11015,0,1,163,1,26,3,62,6,5,49,0,0,0,6,0,14,17,8
N0401,0,0,0,0,11411,10641,0,0,251,1,44,4,100,10,8,38,3,0,0,2,0,16,21,14
N0501,0,0,0,0,11783,11425,0,0,94,2,8,2,44,1,2,25,0,0,0,4,0,11,19,16
N0601,0,0,0,0,5209,4873,0,0,119,1,15,2,45,4,6,18,1,1,0,2,0,11,8,7
N0602,0,0,0,0,8359,8069,1,0,74,1,6,2,33,2,0,19,2,0,1,3,2,7,10,8
N0701,0,0,0,0,9974,9478,0,0,151,2,24,10,50,9,3,33,1,0,1,2,0,11,20,11
N0801,0,0,0,0,4252,3580,0,0,250,3,39,3,107,15,5,49,1,1,1,7,4,9,20,1
N0802,0,0,0,0,2805,2421,0,1,167,1,21,6,48,16,8,15,3,0,0,2,2,5,17,3
N0901,0,0,0,0,9760,9463,1,0,36,0,1,0,14,1,3,11,0,0,0,3,0,7,3,1
N1001,0,0,0,0,7521,7031,0,0,134,0,21,8,55,6,6,19,1,0,0,0,0,9,10,8
N1101,0,0,0,0,2780,2595,1,0,53,2,9,9,16,3,1,8,1,1,0,2,4,9,3,4
N1102,0,0,0,0,1820,1715,0,0,28,2,6,4,8,1,4,3,1,0,0,1,6,2,3,1
N1103,0,0,0,0,3165,2949,0,0,38,8,7,3,17,7,6,4,0,0,0,2,2,2,5,7
N1104,0,0,0,0,2067,1879,0,0,46,1,2,2,17,2,1,5,0,0,0,2,0,5,5,3
N1201,0,0,0,0,11091,10677,1,0,123,0,13,8,29,6,2,20,1,0,0,4,0,15,11,7
N1301,0,0,0,0,1602,1479,0,1,41,0,4,2,8,0,2,3,1,0,0,3,0,4,7,6
N1302,0,0,0,0,5238,4713,0,0,214,8,25,7,60,9,7,28,2,0,0,2,2,9,12,10
N1303,0,0,0,0,2622,2430,0,1,73,2,11,0,19,2,1,27,0,0,0,3,0,5,8,4
N1401,0,0,0,0,10413,9845,1,0,209,2,33,14,64,8,8,34,0,1,0,2,0,18,20,16
N1501,0,0,0,0,8464,8015,0,0,160,2,13,5,49,7,4,24,1,1,0,2,1,7,14,6
N1601,0,0,0,0,1317,1244,2,0,20,1,0,1,7,0,1,0,1,0,0,0,0,0,1,2
N1602,0,0,0,0,2118,2013,1,0,30,1,6,0,9,3,1,2,0,0,0,2,0,2,2,5
N1603,0,0,0,0,102,99,1,0,0,0,0,0,0,0,0,0,0,0,0,0,0,0,0,2
N1604,0,0,0,0,3424,3344,2,0,26,0,4,0,5,0,0,0,1,0,0,1,0,4,2,7
N1605,0,0,0,0,76,72,0,0,0,2,0,0,0,0,0,0,0,0,0,0,0,1,0,0
N1606,0,0,0,0,1532,1436,0,0,24,0,3,2,2,0,1,5,0,0,0,1,0,0,3,6
N1701,0,0,0,0,6771,6388,0,0,120,1,16,4,48,4,4,23,1,0,0,6,2,10,8,6
N1702,0,0,0,0,7338,6579,1,1,268,4,29,4,102,12,8,40,0,0,1,1,3,17,25,22
N1801,0,0,0,0,1560,1448,0,0,27,1,3,1,12,2,1,6,1,0,0,2,0,1,5,3
N1802,0,0,0,0,1726,1600,0,0,38,0,2,0,13,4,2,7,0,0,0,0,0,1,5,4
N1803,0,0,0,0,1978,1858,1,0,30,2,7,0,11,1,0,7,0,0,0,0,0,6,6,4
N1804,0,0,0,0,2508,2355,2,0,48,1,1,0,16,1,5,6,0,0,0,1,2,3,3,3
N1805,0,0,0,0,605,563,1,0,9,0,2,1,6,1,0,4,0,0,0,0,0,0,2,1
P0101,0,0,0,0,6950,6489,2,0,152,2,19,4,40,9,11,26,3,0,1,4,1,15,13,12
P0201,0,0,0,0,7825,7065,2,0,296,1,52,6,102,10,6,46,2,0,0,2,1,16,32,14
P0301,0,0,0,0,3440,3109,1,1,102,1,24,5,50,2,3,17,0,0,0,2,3,7,16,4
P0302,0,0,0,0,5558,5268,0,0,73,1,13,2,40,2,2,23,0,0,0,1,0,9,12,3
P0401,0,0,0,0,8889,8635,0,0,57,0,5,0,22,1,1,16,0,0,0,5,1,18,4,4
P0501,0,0,0,0,11640,11187,0,0,97,2,20,5,70,3,5,30,1,0,0,1,0,10,13,13
P0601,0,0,0,0,11842,11276,2,0,188,3,35,5,91,7,5,34,4,1,0,2,0,21,23,15
P0701,0,0,0,0,9132,8635,1,0,155,1,20,2,75,3,3,25,0,1,0,7,2,11,28,10
P0801,0,0,0,0,7594,7409,1,0,49,1,3,0,17,1,0,19,0,0,0,4,1,5,6,7
P0802,0,0,0,0,1278,1150,0,0,54,0,2,2,22,1,0,6,1,0,1,1,0,1,3,1
P0901,0,0,0,0,8538,8124,0,0,143,3,14,5,54,7,7,22,3,0,0,4,1,11,16,3
P1001,0,0,0,0,10340,9031,1,0,454,25,69,70,179,53,23,58,5,10,4,10,16,23,51,27
P1002,0,0,0,0,2854,2343,0,2,132,9,47,55,41,27,19,11,3,5,2,5,16,6,23,10
P1101,0,0,0,0,8557,8156,0,0,98,3,18,4,71,3,4,26,1,0,0,7,0,10,6,7
P1201,0,0,0,0,5786,5023,0,0,314,2,31,34,113,26,18,39,5,0,0,2,5,4,37,5
P1202,0,0,0,0,2057,1839,0,0,91,1,7,6,28,6,4,10,0,0,0,2,1,1,8,6
P1301,0,0,0,0,630,563,0,1,25,1,2,0,8,2,1,2,0,0,0,0,1,0,1,2
P1302,0,0,0,0,5002,4541,3,0,131,7,20,2,50,19,6,23,1,0,0,7,0,10,21,11
P1303,0,0,0,0,1247,1147,0,0,23,1,7,0,9,2,3,8,0,0,0,2,0,3,3,1
P1304,0,0,0,0,1451,1313,0,0,30,1,5,4,30,2,2,6,1,1,0,1,0,1,1,1
P1401,0,0,0,0,10574,10077,1,0,147,3,25,5,77,3,2,40,0,1,0,3,2,11,18,10
P1501,0,0,0,0,10940,10530,2,0,118,1,27,2,65,5,2,37,1,0,0,4,1,14,12,12
P1601,0,0,0,0,7800,6771,0,0,380,1,61,13,157,14,18,76,3,0,0,8,4,12,45,6
P1701,0,0,0,0,5007,4270,1,0,271,7,35,24,97,35,15,37,6,1,1,4,6,13,25,26
P1702,0,0,0,0,1865,1694,0,0,53,3,1,3,16,6,1,13,3,0,0,2,1,3,2,3
P1703,0,0,0,0,1931,1609,0,1,63,22,35,75,24,15,15,0,8,8,3,2,25,11,16,5
P1704,0,0,0,0,2203,1808,0,0,123,1,14,5,45,10,4,30,1,0,1,2,1,5,20,4
P1801,0,0,0,0,2966,2650,0,0,97,2,9,6,33,7,7,18,1,0,0,7,1,6,10,13
P1802,0,0,0,0,4457,4017,0,0,124,14,18,19,57,13,5,22,2,5,1,14,8,10,21,10
P1803,0,0,0,0,1341,1080,0,1,93,9,15,23,23,16,9,9,1,1,0,4,9,5,13,4
P1901,0,0,0,0,5676,4770,1,1,273,18,26,80,112,54,20,39,5,3,0,6,10,12,36,18
P1902,0,0,0,0,192,162,0,0,12,1,0,0,3,2,2,0,0,1,0,0,0,0,2,2
P1903,0,0,0,0,216,208,2,0,4,1,0,0,0,0,0,0,0,0,0,0,0,0,0,2
Q0101,0,0,0,0,8788,8075,8,0,231,13,37,17,87,27,19,32,2,4,0,12,8,11,22,40
Q0102,0,0,0,0,1880,1791,3,0,25,0,2,4,12,2,0,5,0,0,0,1,0,2,1,7
Q0201,0,0,0,0,6891,6164,0,2,204,22,27,28,75,26,26,26,5,7,0,16,22,15,33,14
Q0401,0,0,0,0,4672,4031,1,0,215,39,27,40,47,32,37,17,6,7,2,11,20,15,26,14
Q0501,0,0,0,0,4610,4059,1,2,166,19,35,34,51,23,33,15,4,4,2,6,18,7,19,8
Q0601,0,0,0,0,9198,8574,0,1,133,7,48,10,69,18,19,22,3,1,2,2,2,15,33,15
Q0701,0,0,0,0,7104,5471,1,2,451,31,267,56,204,95,93,75,3,7,0,7,4,10,90,3
Q0801,0,0,0,0,6086,5125,0,0,257,17,146,25,101,50,28,26,5,3,0,9,5,7,41,5
Q0901,0,0,0,0,8550,8244,0,0,41,0,3,1,8,1,2,11,1,0,0,1,0,8,11,1
Q1001,0,0,0,0,11014,10506,0,0,112,1,35,1,29,3,6,24,2,0,1,5,2,10,10,8
Q1101,0,0,0,0,9265,7988,0,0,372,12,162,18,152,54,30,55,2,0,0,9,2,19,67,11
Q1201,0,0,0,0,9994,8943,0,0,270,14,121,21,123,27,25,52,5,3,0,5,3,21,37,11
Q1301,0,0,0,0,6074,5029,0,0,299,15,125,15,164,48,28,42,5,2,0,7,3,10,56,5
Q1401,0,0,0,0,9770,8566,0,1,376,10,122,24,176,46,34,69,2,4,2,9,6,13,53,14
Q1501,0,0,0,0,2049,1913,0,0,33,1,5,3,21,1,0,6,0,0,0,1,0,4,5,2
Q1502,0,0,0,0,4656,4320,0,0,102,4,17,8,38,4,4,14,1,1,0,1,0,2,4,4
Q1601,0,0,0,0,10861,10375,1,0,127,2,36,6,70,2,5,35,2,0,0,3,0,14,23,9
Q1701,0,0,0,0,12604,12026,0,0,151,1,37,3,91,13,8,35,2,0,1,3,3,9,19,15
Q1801,0,0,0,0,11340,10171,0,0,350,7,124,14,173,30,22,53,2,1,1,13,7,14,53,11
Q1901,0,0,0,0,11828,10281,1,1,465,12,147,21,252,47,35,79,3,3,0,12,3,16,70,18
Q1902,0,0,0,0,4726,3920,0,0,256,4,95,8,120,30,20,56,0,1,0,4,7,4,39,7
Q2001,0,0,0,0,12281,11793,1,0,121,2,36,6,64,4,2,40,1,0,0,6,1,14,15,16
Q2101,0,0,0,0,11651,11149,0,0,126,0,24,2,64,13,5,28,2,1,0,3,3,16,16,11
Q2201,0,0,0,0,10094,9107,0,1,284,5,115,21,124,24,23,44,0,4,1,12,4,14,54,12
Q2301,0,0,0,0,12339,11455,0,0,254,5,61,8,145,26,5,45,5,0,0,5,1,11,34,22
Q2401,0,0,0,0,12529,12166,1,0,54,0,2,0,30,0,2,16,1,0,0,2,2,8,16,13
Q2501,0,0,0,0,11560,10861,0,1,183,2,53,5,114,6,11,36,6,1,2,6,4,14,34,18
Q2601,0,0,0,0,2767,2249,0,0,160,5,60,18,66,23,11,38,3,3,1,2,1,1,31,7
Q2602,0,0,0,0,10569,8885,0,0,428,18,169,25,178,54,43,61,7,2,1,15,7,22,84,17
R0101,0,0,0,0,8046,6639,0,0,500,20,106,83,216,67,34,57,4,3,1,9,9,14,44,20
R0102,0,0,0,0,1605,1303,0,0,130,3,22,13,45,12,7,15,2,1,1,0,2,4,17,3
R0201,0,0,0,0,7988,7648,0,0,71,2,14,3,29,3,2,21,1,0,0,2,1,15,14,12
R0301,0,0,0,0,11499,11144,0,0,90,1,18,0,20,2,1,28,0,0,0,0,0,17,14,6
R0401,0,0,0,0,9083,7618,0,1,609,9,105,35,246,38,28,78,5,3,1,6,6,13,57,7
R0501,0,0,0,0,8638,7461,0,0,440,13,81,28,196,34,20,60,4,0,1,5,5,10,43,7
R0601,0,0,0,0,4552,4055,0,0,159,4,26,16,75,3,7,36,2,0,1,2,0,4,20,6
R0602,0,0,0,0,3724,3109,0,0,258,17,39,35,76,18,14,29,2,3,1,4,9,9,20,8
R0701,0,0,0,0,10082,9713,0,1,97,0,20,3,32,5,1,12,2,0,0,5,1,7,21,6
R0801,0,0,0,0,11629,11128,0,1,147,0,45,12,63,6,6,39,2,0,0,10,0,14,16,6
R0901,0,0,0,0,10627,10063,0,0,130,2,31,5,44,4,10,26,1,0,0,4,1,11,17,7
R1001,0,0,0,0,9165,8468,0,0,185,10,62,29,66,29,16,27,4,2,2,3,7,13,24,13
R1101,0,0,0,0,5886,5723,0,0,43,0,9,0,9,0,1,6,0,0,1,4,1,11,6,4
R1201,0,0,0,0,11554,10650,1,0,273,13,39,48,123,28,14,64,5,3,3,13,8,17,38,14
R1301,0,0,0,0,3187,2960,0,0,71,0,17,5,27,0,4,12,0,0,2,1,2,5,9,2
R1302,0,0,0,0,8414,8009,0,0,100,2,27,10,66,5,5,50,1,0,0,2,0,6,18,9
R1401,0,0,0,0,8384,7950,0,0,106,6,14,22,38,9,5,7,2,2,0,5,5,10,9,12
R1501,0,0,0,0,5484,4375,0,0,294,13,144,54,121,60,40,35,6,4,1,7,9,11,49,8
R1601,0,0,0,0,12147,11399,0,0,228,5,46,12,119,11,17,44,3,0,1,4,4,21,18,16
R1602,0,0,0,0,1979,1454,0,1,110,18,46,101,71,38,12,13,2,0,0,5,11,9,15,7
R1701,0,0,0,0,8706,8401,0,0,70,0,16,3,25,2,2,26,0,0,0,3,0,6,6,13
R1801,0,0,0,0,9813,9339,0,0,164,3,25,3,47,6,5,24,2,0,0,3,4,10,20,5
R1901,0,0,0,0,10477,10067,0,0,127,1,27,4,44,12,1,30,1,0,0,6,2,8,10,7
R1902,0,0,0,0,1862,1701,0,0,57,1,10,3,22,1,4,10,0,0,0,0,0,4,1,4
R2001,0,0,0,0,7335,6526,0,0,282,9,54,17,136,36,14,52,4,0,0,7,6,13,22,7
R2002,0,0,0,0,919,759,0,0,40,4,14,28,11,7,3,7,2,2,2,2,4,6,7,1
R2101,0,0,0,0,8074,7049,0,2,360,10,69,60,147,40,26,53,5,5,1,10,13,14,35,16
R2201,0,0,0,0,7926,6805,0,1,336,28,90,63,135,42,34,51,8,4,1,7,17,18,52,16
R2301,0,0,0,0,1700,1282,0,0,199,18,11,37,36,9,6,10,3,3,0,7,15,6,22,3
R2302,0,0,0,0,4683,3394,0,0,428,25,101,153,143,101,64,37,4,4,1,8,8,21,49,5
R2401,0,0,0,0,11580,10063,0,0,540,15,89,80,189,81,40,62,2,5,0,6,6,15,66,14
R2501,0,0,0,0,12285,11187,0,0,383,7,67,28,161,27,18,75,1,1,2,12,5,22,53,20
R2601,0,0,0,0,9438,7772,0,1,592,11,157,40,264,75,29,92,2,0,0,8,5,10,78,13
R2801,0,0,0,0,13493,12164,0,2,465,11,96,55,197,50,25,70,3,0,0,14,9,18,42,22
R2901,0,0,0,0,15121,13231,0,0,603,11,128,70,237,75,46,89,3,4,0,11,9,27,81,23
R3001,0,0,0,0,6995,6496,0,0,163,0,25,6,71,9,6,27,1,0,0,3,1,6,23,7
R3002,0,0,0,0,3782,3159,1,0,222,5,48,3,119,16,10,33,2,0,0,3,3,5,24,4
R3101,0,0,0,0,13497,12843,0,0,195,2,52,12,106,4,5,57,2,1,0,7,2,21,21,16
R3201,0,0,0,0,9385,8993,0,0,116,0,32,10,61,0,3,37,1,0,0,4,0,11,19,10
R3202,0,0,0,0,6011,5666,0,0,114,5,21,9,63,5,2,25,2,0,0,3,0,7,21,8
R3301,0,0,0,0,9991,8633,0,0,477,10,112,44,195,47,25,81,0,1,1,7,4,12,62,13
R3401,0,0,0,0,10661,9918,0,0,246,4,34,6,122,11,10,46,2,0,1,6,5,11,36,10
R3402,0,0,0,0,2706,2605,0,0,8,0,1,0,4,0,0,3,1,0,0,0,0,1,2,0
R3501,0,0,0,0,9838,8766,1,0,384,8,89,16,179,42,17,57,6,0,0,8,2,16,52,12
R3601,0,0,0,0,6595,5317,0,0,491,18,76,49,196,64,39,67,6,6,0,12,8,11,54,6
R3602,0,0,0,0,2222,2162,0,0,9,0,0,0,3,0,0,1,0,0,0,1,0,1,1,1
R3701,0,0,0,0,10493,9198,0,1,454,6,82,53,212,50,28,80,4,1,0,6,5,15,43,16
R3801,0,0,0,0,9210,8817,0,0,88,1,28,7,70,6,5,29,1,0,0,5,4,13,16,9
S0101,0,0,0,9740,0,9022,0,1,222,3,72,10,87,15,6,36,5,0,0,5,5,17,26,10
S0201,0,0,0,14281,0,13889,0,1,63,1,14,1,16,3,0,18,0,0,0,1,0,13,13,16
S0301,0,0,0,6282,0,6079,0,0,51,0,6,1,17,1,0,15,0,0,0,0,0,5,6,0
S0401,0,0,0,9372,0,9020,0,0,96,0,33,6,36,1,8,22,0,1,0,2,1,9,13,5
S0501,0,0,0,8717,0,8460,0,0,31,0,8,0,10,0,3,8,0,0,0,5,0,11,6,6
S0601,0,0,0,6109,0,5874,0,0,22,0,3,0,27,0,1,5,1,0,0,1,0,3,5,2
S0602,0,0,0,3614,0,3508,0,0,20,1,1,0,3,0,0,8,0,0,2,1,1,2,1,1
S0701,0,0,0,11568,0,11084,1,0,114,2,31,3,52,4,1,35,1,1,0,1,0,9,26,5
S0801,0,0,0,9453,0,9178,0,0,84,0,12,0,22,2,2,8,0,0,0,3,1,17,14,4
S0901,0,0,0,9590,0,9249,0,1,89,1,22,1,41,5,4,24,1,0,0,3,1,12,6,8
S1001,0,0,0,12908,0,12524,0,0,56,1,12,1,15,2,1,19,3,1,0,6,1,8,8,8
S1101,0,0,0,9014,0,8481,0,0,154,5,38,14,53,9,11,25,2,0,0,2,8,8,16,14
S1201,0,0,0,10524,0,10207,1,0,88,1,20,0,19,0,1,20,2,0,0,3,2,12,10,6
S1301,0,0,0,2704,0,2180,0,1,150,16,36,60,58,29,26,24,1,3,2,2,22,11,23,4
S1302,0,0,0,1067,0,891,0,0,68,2,20,4,39,3,6,8,2,0,0,1,1,2,4,0
S1303,0,0,0,4944,0,4785,0,0,43,0,5,0,9,4,2,7,2,0,0,2,1,3,6,7
S1401,0,0,0,7844,0,7240,0,0,210,5,46,10,87,7,17,29,2,0,0,2,3,11,14,14
S1501,0,0,0,8459,0,7734,0,1,226,4,65,4,107,27,15,39,2,2,1,4,2,15,21,9
S1601,0,0,0,6594,0,5890,0,1,225,8,66,12,95,22,17,43,0,0,0,3,3,12,31,17
S1701,0,0,0,8224,0,7875,0,0,84,0,27,2,42,4,11,24,0,0,0,6,0,6,13,6
S1801,0,0,0,10721,0,10399,0,0,78,2,19,3,23,2,4,25,1,0,0,5,2,12,14,2
S1901,0,0,0,7993,0,7679,0,0,78,3,35,3,39,2,3,29,0,0,0,1,2,8,20,6
S1902,0,0,0,8819,0,7668,0,1,366,18,143,40,161,72,34,63,3,1,0,9,8,12,54,15
S2001,0,0,0,8136,0,6894,0,1,383,25,177,49,162,75,51,47,2,5,2,10,10,20,68,10
S2101,0,0,0,10597,0,9904,0,1,209,7,50,8,84,10,18,49,3,0,0,6,2,15,22,14
S2201,0,0,0,2379,0,2162,1,0,70,0,7,4,23,5,1,6,1,1,0,3,2,4,11,9
S2202,0,0,0,9517,0,8357,0,0,375,8,122,10,189,32,31,75,5,2,1,7,5,27,54,8
S2301,0,0,0,4820,0,4696,0,0,23,0,4,0,11,0,1,9,1,0,0,0,0,6,5,3
S2302,0,0,0,5828,0,5539,0,1,103,0,14,5,30,2,4,12,1,0,1,1,0,10,9,9
S2401,0,0,0,6870,0,6698,0,0,31,0,10,1,13,1,0,11,0,1,0,0,0,4,11,0
S2402,0,0,0,4463,0,4220,0,0,82,1,15,4,34,4,6,13,0,0,0,0,0,5,10,2
S2501,0,0,0,7619,0,7373,0,0,73,1,17,1,26,0,4,21,1,0,0,0,1,6,11,2
S2601,0,0,0,1674,0,1397,0,1,85,4,33,4,31,10,6,13,2,0,0,0,2,3,17,5
S2602,0,0,0,6939,0,6744,0,0,23,0,3,0,9,0,4,4,1,0,0,1,1,5,7,5
S2701,0,0,0,10194,0,9708,0,0,149,4,34,6,65,18,6,34,2,1,0,4,4,4,20,6
S2801,0,0,0,7332,0,7012,0,1,95,1,29,3,50,2,1,17,0,0,1,1,0,5,12,8
S2901,0,0,0,9843,0,9467,0,0,106,3,34,6,63,5,7,23,0,1,0,2,1,15,18,11
T0101,0,0,0,1818,0,1715,2,1,32,1,1,0,7,0,0,8,0,0,0,0,0,1,3,18
T0102,0,0,0,72,0,71,0,0,1,0,0,0,0,0,0,0,0,0,0,0,1,0,0,0
T0103,0,0,0,41,0,30,0,0,0,0,0,0,0,0,0,0,0,0,0,0,0,0,0,0
T0104,0,0,0,882,0,826,1,0,16,2,0,0,4,2,2,0,1,0,0,0,0,1,0,8
T0105,0,0,0,64,0,60,0,0,0,0,0,0,0,0,0,0,0,0,0,0,0,0,0,2
T0106,0,0,0,45,0,43,0,0,1,0,0,0,0,0,0,0,0,0,0,0,0,0,0,0
T0107,0,0,0,2802,0,2628,4,0,62,8,6,1,19,3,3,11,3,0,0,3,0,2,2,14
T0108,0,0,0,411,0,376,0,0,7,3,1,0,1,0,1,3,0,0,1,0,0,2,5,1
T0109,0,0,0,974,0,898,0,0,20,5,4,5,8,3,6,4,2,1,0,1,0,0,0,6
T0201,0,0,0,9135,0,8880,0,0,32,0,2,2,9,1,1,3,1,0,0,1,0,10,9,4
T0301,0,0,0,11368,0,11048,0,0,60,0,5,2,22,0,1,11,1,0,0,2,0,4,11,4
T0401,0,0,0,7764,0,6715,0,1,285,38,130,24,111,43,39,29,15,5,0,11,6,18,49,9
T0501,0,0,0,10793,0,10052,0,0,202,9,64,13,93,33,27,33,2,2,1,4,4,5,32,13
T0601,0,0,0,4464,0,3705,0,3,187,86,88,20,64,54,59,24,8,8,5,11,2,8,29,7
T0701,0,0,0,3697,0,3500,1,0,50,5,8,1,15,4,1,7,0,0,0,5,2,3,6,29
T0801,0,0,0,2194,0,2016,1,1,57,3,10,6,16,4,6,8,1,0,0,2,1,1,3,14
T0802,0,0,0,207,0,190,0,0,3,0,0,0,2,0,0,0,0,1,0,1,0,0,1,5
T0901,0,0,0,4080,0,3884,4,0,57,0,4,1,23,0,2,12,1,0,0,1,0,3,5,23
T0902,0,0,0,2139,0,1968,2,0,82,1,4,2,16,1,0,8,1,0,1,2,0,0,1,12
T1001,0,0,0,2423,0,2246,2,0,55,0,5,2,17,2,2,6,1,1,0,4,0,3,5,21
T1002,0,0,0,3266,0,3143,1,0,33,2,11,1,10,0,1,7,4,0,0,1,0,2,2,17
